question,domain,topic
"In an examination, a candidate scored 385 marks out of 550. Calculate the percentage of marks obtained.",Aptitude,Percentages
The price of petrol rises by 25%. By what percent should a motorist reduce consumption so that expenditure on petrol remains unchanged?,Aptitude,Percentages
"A student secured 32% marks and failed by 18 marks, while another securing 45% got 27 marks more than the pass mark. Find the maximum marks.",Aptitude,Percentages
"If 40% of a number exceeds 25% of the same number by 60, determine the number.",Aptitude,Percentages
The population of a town increased by 10% in the first year and decreased by 10% in the second year. Find the net percentage change over the two years.,Aptitude,Percentages
Salary of an employee is first increased by 20% and later reduced by 20%. Work out the overall percentage change in his salary.,Aptitude,Percentages
Two candidates contested an election; the winner secured 58% of the valid votes and won by 3200 votes. How many valid votes were polled?,Aptitude,Percentages
"After spending 65% of his income on household expenses and 10% on travel, a man is left with Rs. 7500. Find his monthly income.",Aptitude,Percentages
"The value of a machine depreciates at 8% per annum. If its present value is Rs. 250000, what will it be worth after two years?",Aptitude,Percentages
"In a class of 60 students, 45% are girls. How many boys are there in the class?",Aptitude,Percentages
A number is increased by 20% and the result is then decreased by 25%. What is the net percentage change in the original number?,Aptitude,Percentages
"Out of 8000 applicants for a recruitment drive, 12.5% were rejected in the screening round. How many candidates cleared screening?",Aptitude,Percentages
"If A's income is 25% more than B's income, by what percent is B's income less than that of A?",Aptitude,Percentages
The cost of sugar rose from Rs. 40 per kg to Rs. 48 per kg. Find the percentage increase in price.,Aptitude,Percentages
A company's revenue grew from 8.4 crore to 10.5 crore in one financial year. Express the growth as a percentage.,Aptitude,Percentages
A trader buys 120 notebooks for Rs. 2400 and sells them at Rs. 25 each. Find his profit percent.,Aptitude,Profit and Loss
"By selling an article for Rs. 720, a shopkeeper loses 10%. At what price should he sell it to gain 15%?",Aptitude,Profit and Loss
A shopkeeper marks his goods 40% above cost price and allows a discount of 15%. Determine his net gain percent.,Aptitude,Profit and Loss
"If the cost price of 15 pens equals the selling price of 12 pens, calculate the profit percentage.",Aptitude,Profit and Loss
A dishonest grocer sells goods at cost price but uses a weight of 900 g for one kilogram. Find his gain percent.,Aptitude,Profit and Loss
"Two watches were sold at Rs. 3600 each, one at a gain of 20% and the other at a loss of 20%. Determine the overall result of the transaction.",Aptitude,Profit and Loss
"A mobile phone marked at Rs. 18000 is sold at a discount of 20%. If the cost price was Rs. 12000, find the profit percent.",Aptitude,Profit and Loss
A fruit seller purchases oranges at 5 for Rs. 20 and sells them at 4 for Rs. 20. What is his percentage profit?,Aptitude,Profit and Loss
The marked price of a jacket is Rs. 2500 and successive discounts of 10% and 5% are offered. Work out the final selling price.,Aptitude,Profit and Loss
"On selling a bicycle for Rs. 4800, a dealer earns a profit equal to one-fifth of the cost price. Find the cost price.",Aptitude,Profit and Loss
A retailer wants a profit of 25% after giving a discount of 20% on the labelled price. By what percent above cost should he label the goods?,Aptitude,Profit and Loss
An article costing Rs. 1500 was sold at a loss of 8%. Find the amount of loss incurred.,Aptitude,Profit and Loss
"A wholesaler sells a consignment to a retailer at 15% profit and the retailer sells it to a customer at 20% profit. If the customer pays Rs. 6900, what did the wholesaler pay?",Aptitude,Profit and Loss
The difference between the selling prices of an article at 12% profit and at 12% loss is Rs. 480. Determine its cost price.,Aptitude,Profit and Loss
"A man sold two plots for Rs. 900000 each, gaining 25% on one and losing 25% on the other. Find his net result.",Aptitude,Profit and Loss
Find the simple interest on Rs. 45000 at 7.5% per annum for 3 years.,Aptitude,Simple Interest
"A sum amounts to Rs. 8400 in 4 years at simple interest. Had the rate been 2% higher, it would have amounted to Rs. 9000. Find the sum.",Aptitude,Simple Interest
At what rate percent per annum will a sum of money double itself in 12 years under simple interest?,Aptitude,Simple Interest
In how many years will Rs. 12000 amount to Rs. 15600 at 6% per annum simple interest?,Aptitude,Simple Interest
"A person lends Rs. 20000 in two parts, one at 8% and the other at 10% simple interest. If the total annual interest is Rs. 1760, find the amount lent at 8%.",Aptitude,Simple Interest
The simple interest on a certain sum for 5 years is Rs. 3600 at 9% per annum. Determine the principal.,Aptitude,Simple Interest
A sum of money becomes three times itself in 16 years at simple interest. In how many years will it become five times?,Aptitude,Simple Interest
Rs. 6500 invested at simple interest yields Rs. 1560 as interest in 4 years. Work out the annual rate of interest.,Aptitude,Simple Interest
A principal invested for 3 years earns Rs. 1350 more at 8% per annum than it would at 5% per annum under simple interest. Work out the principal.,Aptitude,Simple Interest
A loan of Rs. 25000 is repaid after 2 years 6 months with simple interest at 12% per annum. Calculate the total amount repaid.,Aptitude,Simple Interest
"Calculate the compound interest on Rs. 16000 at 10% per annum for 2 years, compounded annually.",Aptitude,Compound Interest
The difference between compound interest and simple interest on a sum for 2 years at 8% per annum is Rs. 320. Find the sum.,Aptitude,Compound Interest
A sum of Rs. 12000 is invested at 20% per annum compounded half-yearly. Find the amount at the end of one year.,Aptitude,Compound Interest
A certain sum becomes Rs. 9680 in 2 years and Rs. 10648 in 3 years under compound interest. Determine the rate of interest.,Aptitude,Compound Interest
"If Rs. 8000 amounts to Rs. 9261 in 3 years under compound interest, work out the annual rate.",Aptitude,Compound Interest
Find the amount payable on a loan of Rs. 50000 taken at 12% per annum compounded annually for 3 years.,Aptitude,Compound Interest
A sum triples itself in 4 years under compound interest. In how many years will it become twenty-seven times?,Aptitude,Compound Interest
"The population of a village grows at 5% per annum compounded. If the present population is 20000, estimate the population after 3 years.",Aptitude,Compound Interest
Rs. 10000 is deposited at 8% per annum compounded quarterly. How much interest accrues in 9 months?,Aptitude,Compound Interest
The compound interest on a sum for the second year is Rs. 1320 and for the third year is Rs. 1452. Find the rate of interest per annum.,Aptitude,Compound Interest
Two numbers are in the ratio 5 : 8 and their difference is 63. Find the larger number.,Aptitude,Ratio and Proportion
"Divide Rs. 5400 among A, B and C in the ratio 2 : 3 : 4 and state C's share.",Aptitude,Ratio and Proportion
"If a : b = 3 : 4 and b : c = 6 : 7, determine the combined ratio a : b : c.",Aptitude,Ratio and Proportion
"The ratio of boys to girls in a school is 7 : 5. If there are 180 more boys than girls, find the total strength.",Aptitude,Ratio and Proportion
What number must be added to each term of the ratio 7 : 13 so that it becomes 2 : 3?,Aptitude,Ratio and Proportion
"Three friends share a prize in the ratio 4 : 5 : 6. If the smallest share is Rs. 3200, calculate the total prize money.",Aptitude,Ratio and Proportion
"If x : y = 2 : 3, find the value of the expression (3x + 2y) : (2x + 5y).",Aptitude,Ratio and Proportion
"Salaries of two employees are in the ratio 9 : 11. If each receives an increment of Rs. 2000, the ratio becomes 5 : 6. Find their original salaries.",Aptitude,Ratio and Proportion
The sides of a triangle are in the ratio 3 : 4 : 5 and its perimeter is 96 cm. Determine the length of the longest side.,Aptitude,Ratio and Proportion
Two quantities vary inversely; when one is 15 the other is 8. Find the second quantity when the first becomes 24.,Aptitude,Ratio and Proportion
"An amount is distributed between two partners so that the ratio of their shares is 5 : 7. If the difference of their shares is Rs. 4800, find the total amount.",Aptitude,Ratio and Proportion
"If 12 : 18 is in proportion with 20 : x, find the value of x.",Aptitude,Ratio and Proportion
"The average of 12 numbers is 46. If the number 58 is removed, find the average of the remaining numbers.",Aptitude,Averages
The mean age of 30 students in a class is 14 years. When the teacher's age is included the mean rises to 15 years. Determine the teacher's age.,Aptitude,Averages
A batsman scores 68 runs in his seventeenth innings and thereby increases his average by 3. Find his average after that innings.,Aptitude,Averages
The average weight of 8 persons increases by 2.5 kg when a new person replaces one weighing 55 kg. Work out the weight of the new person.,Aptitude,Averages
Find the average of the first 25 odd natural numbers.,Aptitude,Averages
"A family spends on average Rs. 18000 monthly for 4 months, Rs. 21000 for the next 5 months and Rs. 24000 for the remaining 3 months. Calculate the average monthly expenditure for the year.",Aptitude,Averages
The average marks of a section of 40 students is 62 and of another section of 60 students is 72. Find the combined average.,Aptitude,Averages
"Out of five numbers, the average of the first four is 28 and that of the last four is 32. If the first number is 20, find the last number.",Aptitude,Averages
"The average temperature from Monday to Wednesday was 31 degrees and from Tuesday to Thursday 33 degrees. If Thursday recorded 36 degrees, find Monday's temperature.",Aptitude,Averages
"The average salary of all 60 employees in an office is Rs. 32000. If 20 managers average Rs. 50000, find the average salary of the remaining staff.",Aptitude,Averages
The average of five consecutive even numbers is 36. Identify the largest of these numbers.,Aptitude,Averages
"A student's average score in six subjects is 74. If his scores in five subjects are 68, 72, 80, 65 and 79, what did he score in the sixth?",Aptitude,Averages
"A can complete a task in 12 days and B in 18 days. Working together, how long will they take to finish it?",Aptitude,Time and Work
"If 15 workers can build a wall in 20 days, how many days will 25 workers take to build the same wall?",Aptitude,Time and Work
A is twice as efficient as B and together they finish a piece of work in 14 days. In how many days can A alone complete it?,Aptitude,Time and Work
"P and Q together complete a job in 10 days, Q and R in 15 days and P and R in 12 days. Find the time taken by all three working together.",Aptitude,Time and Work
A contractor employs 40 men to finish a project in 60 days. After 30 days only 40% of the work is done. How many additional men are required to finish on time?,Aptitude,Time and Work
"A alone can do a piece of work in 24 days. He works for 8 days and leaves, and B completes the remaining work in 12 days. In how many days can B alone finish the whole work?",Aptitude,Time and Work
Three machines working simultaneously print 12000 pages in 4 hours. How long will two such machines take to print the same number of pages?,Aptitude,Time and Work
"6 men and 8 women finish a task in 10 days, while 26 men and 48 women finish it in 2 days. Find the time 15 men and 20 women would take.",Aptitude,Time and Work
"A works alone for 5 days, then B joins and together they complete the remaining work in 6 days. If A alone needs 20 days for the entire work, how long would B alone take?",Aptitude,Time and Work
"If 10 tailors stitch 60 shirts in 5 days, how many shirts can 14 tailors stitch in 7 days?",Aptitude,Time and Work
Two persons undertake a job for Rs. 9000. A can do it in 15 days and B in 10 days. With the help of C they finish it in 5 days. Determine C's share of the payment.,Aptitude,Time and Work
"A does half as much work as B in three-fourths of the time taken by B. If together they take 18 days, how long would B alone take?",Aptitude,Time and Work
"A and B work on alternate days starting with A, where A alone takes 9 days and B alone takes 12 days. Find the total number of days required.",Aptitude,Time and Work
A piece of work is completed by 12 boys in 16 days working 6 hours a day. How many days will 8 boys working 8 hours a day take?,Aptitude,Time and Work
"A pipe fills a tank in 6 hours while another empties it in 9 hours. If both are opened together, how long will the tank take to fill?",Aptitude,Pipes and Cisterns
Two inlet pipes fill a cistern in 20 minutes and 30 minutes respectively. Find the time taken when both work together.,Aptitude,Pipes and Cisterns
A tank has a leak that empties it in 12 hours. An inlet admitting 5 litres per minute fills it in 20 hours despite the leak. Determine the capacity of the tank.,Aptitude,Pipes and Cisterns
Pipe A fills a tank in 8 hours and pipe B in 12 hours. Both are opened together but A is closed after 3 hours. How much longer will B take to fill the tank?,Aptitude,Pipes and Cisterns
"Three taps can individually fill a reservoir in 10, 15 and 30 hours. Find the time required if all three run together.",Aptitude,Pipes and Cisterns
A cistern is normally filled in 9 hours but takes 12 hours due to a leak at the bottom. In what time will the leak empty the full cistern?,Aptitude,Pipes and Cisterns
"Two pipes fill a swimming pool in 24 minutes and 36 minutes. If they are opened alternately for one minute each beginning with the faster pipe, how long will the pool take to fill?",Aptitude,Pipes and Cisterns
"An outlet pipe empties a full tank in 15 hours. If two inlet pipes that fill in 10 and 20 hours are also opened, how long will the tank take to fill?",Aptitude,Pipes and Cisterns
A water tank of 800 litres is filled by a pump delivering 25 litres per minute while an outlet drains 10 litres per minute. Find the time needed to fill the tank.,Aptitude,Pipes and Cisterns
Pipe X is thrice as fast as pipe Y and together they fill a tank in 36 minutes. How long would pipe Y alone take?,Aptitude,Pipes and Cisterns
A train travels 360 km in 4 hours. Determine its average speed in kilometres per hour.,Aptitude,Time Speed and Distance
A car covers the first half of a journey at 40 km/h and the second half at 60 km/h. Find its average speed for the entire journey.,Aptitude,Time Speed and Distance
"Walking at three-fourths of his usual speed, a man reaches office 20 minutes late. Calculate his usual time to reach office.",Aptitude,Time Speed and Distance
A cyclist covers 90 km at 18 km/h and returns at 15 km/h. What is his average speed for the round trip?,Aptitude,Time Speed and Distance
Two cities are 480 km apart. A bus starts from one at 60 km/h and a car from the other at 80 km/h at the same time. After how long will they meet?,Aptitude,Time Speed and Distance
Convert a speed of 72 kilometres per hour into metres per second.,Aptitude,Time Speed and Distance
A runner completes a 400 m lap in 50 seconds. Find his speed in kilometres per hour.,Aptitude,Time Speed and Distance
"A man travels 150 km partly by bus at 40 km/h and partly by train at 60 km/h, taking 3 hours in all. How far did he travel by bus?",Aptitude,Time Speed and Distance
"If a person increases his speed from 25 km/h to 30 km/h, he saves 30 minutes on a journey. Find the distance covered.",Aptitude,Time Speed and Distance
Two friends start from the same point and walk in opposite directions at 5 km/h and 7 km/h. After how many hours will they be 36 km apart?,Aptitude,Time Speed and Distance
"A scooter rider travelling at 45 km/h reaches his destination 12 minutes early, while at 36 km/h he is 15 minutes late. Determine the distance.",Aptitude,Time Speed and Distance
"A thief is spotted 200 m ahead by a policeman. If the thief runs at 10 km/h and the policeman chases at 12 km/h, how far will the thief run before being caught?",Aptitude,Time Speed and Distance
An aeroplane covers a distance in 5 hours at 600 km/h. At what speed must it fly to cover the same distance in 4 hours?,Aptitude,Time Speed and Distance
A person leaves home at 8 a.m. and reaches a town 120 km away at 11:30 a.m. Work out his average speed.,Aptitude,Time Speed and Distance
A train 180 m long running at 54 km/h crosses an electric pole. How many seconds does it take?,Aptitude,Problems on Trains
How long will a 240 m train travelling at 72 km/h take to cross a bridge 360 m long?,Aptitude,Problems on Trains
Two trains of lengths 150 m and 200 m run on parallel tracks in opposite directions at 60 km/h and 48 km/h. Find the time taken to cross each other.,Aptitude,Problems on Trains
"A train overtakes a man walking at 6 km/h in the same direction in 18 seconds. If the train is 150 m long, determine its speed.",Aptitude,Problems on Trains
"Two trains moving in the same direction at 80 km/h and 65 km/h cross each other in 36 seconds. If one train is 250 m long, find the length of the other.",Aptitude,Problems on Trains
A train passes a platform 200 m long in 25 seconds and a signal post in 15 seconds. Calculate the length of the train.,Aptitude,Problems on Trains
A 300 m long express train crosses a stationary goods train of length 500 m in 40 seconds. Find the speed of the express train.,Aptitude,Problems on Trains
Two stations are 300 km apart and trains leave each station towards the other at 45 km/h and 55 km/h. At what distance from the first station will they meet?,Aptitude,Problems on Trains
A train leaves a station at 6 a.m. at 50 km/h and another leaves the same station at 8 a.m. at 70 km/h in the same direction. At what time will the second overtake the first?,Aptitude,Problems on Trains
"The ratio of the speeds of two trains is 7 : 8. If the second train covers 400 km in 5 hours, find the speed of the first train.",Aptitude,Problems on Trains
A boat travels 32 km downstream in 4 hours and returns in 8 hours. Find the speed of the boat in still water.,Aptitude,Boats and Streams
The speed of a boat in still water is 15 km/h and the stream flows at 3 km/h. How long will the boat take to cover 54 km downstream?,Aptitude,Boats and Streams
A man rows 18 km upstream in 3 hours and the same distance downstream in 2 hours. Determine the rate of the current.,Aptitude,Boats and Streams
"If a swimmer takes twice as long to swim upstream as downstream, find the ratio of his speed in still water to the speed of the stream.",Aptitude,Boats and Streams
"A motorboat covers 60 km upstream and 60 km downstream in a total of 9 hours. If the current flows at 2 km/h, find the boat's speed in still water.",Aptitude,Boats and Streams
The downstream speed of a boat is 22 km/h and its upstream speed is 14 km/h. Work out the speed of the stream.,Aptitude,Boats and Streams
"A boatman rows to a place 48 km away and returns in 16 hours. If his speed in still water is 8 km/h, find the speed of the stream.",Aptitude,Boats and Streams
A boat covers 24 km downstream in 1 hour 30 minutes and the same distance upstream in 3 hours. Calculate its speed in still water.,Aptitude,Boats and Streams
"A person can row at 9 km/h in still water. Against a current flowing at 3 km/h, how long will he take to row 36 km upstream?",Aptitude,Boats and Streams
"Two boats start towards each other from ports 100 km apart on a river, one with the current and one against it. If their still-water speeds are 20 km/h and 15 km/h and the current is 5 km/h, after how long will they meet?",Aptitude,Boats and Streams
In what ratio must rice costing Rs. 45 per kg be mixed with rice costing Rs. 60 per kg so that the mixture is worth Rs. 50 per kg?,Aptitude,Mixtures and Alligations
A 60 litre mixture contains milk and water in the ratio 7 : 3. How much water must be added to make the ratio 7 : 5?,Aptitude,Mixtures and Alligations
"From a vessel full of 40 litres of pure milk, 8 litres are removed and replaced with water. If this operation is repeated once more, find the quantity of milk left.",Aptitude,Mixtures and Alligations
Two alloys contain copper and zinc in the ratios 5 : 3 and 3 : 5. In what proportion should they be melted together to obtain an alloy having copper and zinc in equal measure?,Aptitude,Mixtures and Alligations
A dealer mixes 20 kg of tea costing Rs. 250 per kg with 30 kg costing Rs. 200 per kg. Determine the cost price per kg of the mixture.,Aptitude,Mixtures and Alligations
How many litres of water should be added to 45 litres of a 40% acid solution to reduce its concentration to 30%?,Aptitude,Mixtures and Alligations
A container holds petrol and kerosene in the ratio 9 : 1. If 20 litres of the mixture is replaced by kerosene the ratio becomes 3 : 2. Find the initial quantity of the mixture.,Aptitude,Mixtures and Alligations
In what ratio should water be mixed with milk costing Rs. 64 per litre so that a seller gains 25% by selling the mixture at Rs. 64 per litre?,Aptitude,Mixtures and Alligations
"Two vessels contain spirit and water in the ratios 3 : 1 and 5 : 3. If equal quantities from both are mixed, find the ratio of spirit to water in the new mixture.",Aptitude,Mixtures and Alligations
A mixture of 80 litres contains acid and water in the ratio 3 : 5. How much acid must be added to make the ratio 1 : 1?,Aptitude,Mixtures and Alligations
Find the remainder when 7 raised to the power 103 is divided by 5.,Aptitude,Number System
How many numbers between 100 and 400 are exactly divisible by 13?,Aptitude,Number System
Determine the unit digit of the product 137 x 248 x 659.,Aptitude,Number System
The sum of three consecutive odd numbers is 147. Identify the smallest of them.,Aptitude,Number System
A number leaves remainder 3 when divided by 5. What remainder will its square leave when divided by 5?,Aptitude,Number System
Find the least number that must be subtracted from 5432 to make it exactly divisible by 17.,Aptitude,Number System
How many trailing zeros are there at the end of the value of 50 factorial?,Aptitude,Number System
Express the recurring decimal 0.363636... as a fraction in its simplest form.,Aptitude,Number System
A number when divided by 342 leaves a remainder 47. Find the remainder when the same number is divided by 19.,Aptitude,Number System
Identify the largest four-digit number that is exactly divisible by 88.,Aptitude,Number System
Find the total count of prime numbers lying between 50 and 100.,Aptitude,Number System
"When the digits of a two-digit number are reversed the number decreases by 27. If the sum of its digits is 11, find the original number.",Aptitude,Number System
"Find the highest common factor of 204, 1190 and 1445.",Aptitude,HCF and LCM
"Determine the least number which when divided by 12, 15 and 20 leaves a remainder of 5 in each case.",Aptitude,HCF and LCM
"The HCF of two numbers is 12 and their LCM is 336. If one number is 84, find the other.",Aptitude,HCF and LCM
"Three bells ring at intervals of 18, 24 and 32 minutes. If they ring together at 9 a.m., when will they next ring simultaneously?",Aptitude,HCF and LCM
"Find the greatest number that divides 152, 200 and 296 leaving the same remainder in each case.",Aptitude,HCF and LCM
"What is the smallest five-digit number exactly divisible by 16, 24 and 36?",Aptitude,HCF and LCM
Two numbers are in the ratio 3 : 4 and their least common multiple is 180. Find the numbers.,Aptitude,HCF and LCM
"Determine the LCM of the fractions 2/3, 8/9 and 10/27.",Aptitude,HCF and LCM
"Four metal rods of lengths 84 cm, 90 cm, 120 cm and 60 cm are to be cut into equal pieces of maximum possible length. Find that length.",Aptitude,HCF and LCM
"Find the least number which when increased by 7 becomes divisible by 15, 25 and 40.",Aptitude,HCF and LCM
In how many distinct ways can the letters of the word ENGINEER be arranged?,Aptitude,Permutation and Combination
A committee of 4 members is to be formed from 7 men and 5 women such that at least 2 women are included. Find the number of ways.,Aptitude,Permutation and Combination
How many four-digit numbers can be formed using the digits 1 to 7 without repetition?,Aptitude,Permutation and Combination
Determine the number of ways in which 8 people can be seated around a circular table.,Aptitude,Permutation and Combination
"From a pack of 52 cards, in how many ways can 5 cards be selected so that all belong to the same suit?",Aptitude,Permutation and Combination
In how many ways can 5 boys and 3 girls stand in a row so that no two girls stand together?,Aptitude,Permutation and Combination
How many diagonals can be drawn in a regular polygon having 12 sides?,Aptitude,Permutation and Combination
A password consists of 3 letters followed by 2 digits with repetition allowed. Calculate the total number of possible passwords.,Aptitude,Permutation and Combination
"Out of 9 players a team of 5 has to be chosen, and one particular player must always be included. In how many ways can this be done?",Aptitude,Permutation and Combination
Find the number of ways of distributing 10 identical chocolates among 3 children so that each child gets at least one.,Aptitude,Permutation and Combination
How many different arrangements can be made using all the letters of the word MATHEMATICS?,Aptitude,Permutation and Combination
"In an examination a student must answer 6 questions out of 10, of which the first two are compulsory. In how many ways can he choose the questions?",Aptitude,Permutation and Combination
"A bag contains 5 red, 4 green and 3 blue balls. If one ball is drawn at random, find the probability that it is not blue.",Aptitude,Probability
Two dice are rolled together. Determine the probability that the sum of the numbers shown is 9.,Aptitude,Probability
A card is drawn at random from a well shuffled pack of 52 cards. What are the chances of getting a face card?,Aptitude,Probability
Three coins are tossed simultaneously. Find the probability of obtaining at least two heads.,Aptitude,Probability
From a group of 6 boys and 4 girls two students are chosen at random. Calculate the probability that both are girls.,Aptitude,Probability
A number is selected at random from 1 to 50. Find the probability that it is a multiple of 4 or 6.,Aptitude,Probability
"If the probability of an event occurring is 0.35, determine the probability of that event not occurring.",Aptitude,Probability
Two cards are drawn one after another without replacement from a deck of 52 cards. Find the probability that both are aces.,Aptitude,Probability
"A box contains 12 bulbs of which 4 are defective. If two bulbs are picked at random, what is the chance that both are good?",Aptitude,Probability
"In a class 60% of students play cricket, 45% play football and 25% play both. If a student is chosen at random, find the probability that he plays at least one of the two games.",Aptitude,Probability
A letter is chosen at random from the word PROBABILITY. Determine the probability that the letter is a vowel.,Aptitude,Probability
The probability of A being selected in an interview is 1/5 and of B is 1/3. Find the probability that exactly one of them is selected.,Aptitude,Probability
The present age of a father is three times that of his son. Five years ago it was four times. Find the son's present age.,Aptitude,Ages
The ratio of the ages of A and B is 4 : 5 and after 8 years it becomes 5 : 6. Determine their present ages.,Aptitude,Ages
A man is 26 years older than his daughter. In 10 years he will be three times as old as her. Find their present ages.,Aptitude,Ages
The sum of the ages of a mother and her daughter is 60 years. Ten years ago the mother was five times as old as the daughter. How old is the daughter now?,Aptitude,Ages
Ten years hence Rahul will be twice as old as he was ten years ago. What is his present age?,Aptitude,Ages
"The average age of a family of 5 members is 28 years. If the youngest member is 8 years old, find the average age of the family at the time of his birth.",Aptitude,Ages
A is younger than B by 9 years and the ratio of their ages is 5 : 8. Calculate A's age.,Aptitude,Ages
The age of a person 6 years ago was three-fifths of his age 6 years from now. Find his present age.,Aptitude,Ages
The combined age of three brothers is 45 years and their ages are in the ratio 2 : 3 : 4. Find the age of the eldest brother.,Aptitude,Ages
"Fifteen years ago Meena's mother was four times as old as Meena, and after 15 years she will be twice as old. What is Meena's present age?",Aptitude,Ages
"A and B invest Rs. 45000 and Rs. 60000 in a business. If the annual profit is Rs. 35000, find A's share.",Aptitude,Partnership
"Three partners invest capital in the ratio 3 : 4 : 5 for the same period. If the total profit is Rs. 48000, determine the share of the second partner.",Aptitude,Partnership
X starts a business with Rs. 80000 and after 4 months Y joins with Rs. 120000. Find the ratio in which they should divide the annual profit.,Aptitude,Partnership
"A, B and C start a venture investing Rs. 20000, Rs. 30000 and Rs. 40000. A withdraws after 6 months while the others continue for a year. How should a profit of Rs. 25000 be divided?",Aptitude,Partnership
One partner invests Rs. 25000 for 8 months and another Rs. 40000 for 5 months. Find the ratio in which the profit should be shared.,Aptitude,Partnership
"In a firm the working partner receives 10% of the profit as salary and the rest is shared in proportion to capital. If the total profit is Rs. 60000 and the capitals are equal, find the working partner's total earnings.",Aptitude,Partnership
"A invested Rs. 50000 in a firm and B joined later with Rs. 75000. If the profits at the end of the year were divided equally, for how many months was B's money invested?",Aptitude,Partnership
"Three villagers rent a grazing field and graze 24 cows for 3 months, 15 cows for 4 months and 30 cows for 2 months. In what ratio should the rent be shared?",Aptitude,Partnership
The capitals of two partners are in the ratio 5 : 6 and their periods of investment in the ratio 3 : 2. Determine the ratio of their profits.,Aptitude,Partnership
A and B enter into a partnership with Rs. 36000 and Rs. 54000. At the end of the year A receives Rs. 12000 as his share. Calculate the total profit earned.,Aptitude,Partnership
Find the angle between the hour hand and the minute hand of a clock at 3:40.,Aptitude,Clocks
At what time between 4 and 5 o'clock will the two hands of a clock coincide?,Aptitude,Clocks
"A watch gains 5 seconds every 3 minutes. If it was set right at 8 a.m., how much will it have gained by 6 p.m.?",Aptitude,Clocks
How many times do the hands of a clock form a right angle in a period of 24 hours?,Aptitude,Clocks
At what time between 7 and 8 o'clock will the two hands of a clock point in opposite directions?,Aptitude,Clocks
Through what angle does the minute hand of a clock move in 25 minutes?,Aptitude,Clocks
"A wall clock loses 3 minutes every hour. If it is set correctly at 12 noon, what time will it show at 8 p.m. the same day?",Aptitude,Clocks
The reflection of a clock seen in a mirror shows the time as 4:20. What is the actual time?,Aptitude,Clocks
"If 15 August 2020 was a Saturday, what day of the week was 15 August 2021?",Aptitude,Calendars
Find the day of the week on 26 January 1950.,Aptitude,Calendars
How many leap years occur in the period from 1900 to 2000?,Aptitude,Calendars
Calculate the number of odd days in a period of 100 years.,Aptitude,Calendars
The calendar of which future year will be exactly identical to the calendar of 2024?,Aptitude,Calendars
"If the first day of a non-leap year is Monday, what will be the last day of that year?",Aptitude,Calendars
A month begins on a Friday and has 31 days. How many Sundays fall in that month?,Aptitude,Calendars
On which day of the week will 1 January 2030 fall?,Aptitude,Calendars
The bar graph shows the sales of a company from 2016 to 2021. Find the percentage increase in sales from 2018 to 2019.,Aptitude,Data Interpretation
"A pie chart represents the monthly budget of a household. If 18% of the budget goes to education and the total income is Rs. 50000, calculate the amount spent on education.",Aptitude,Data Interpretation
The table gives the number of candidates appearing and qualifying in an examination over five years. Determine the year with the highest qualifying percentage.,Aptitude,Data Interpretation
"From the line graph showing the production of two factories, find the ratio of the total production of Factory A to that of Factory B over the given period.",Aptitude,Data Interpretation
Study the given table of marks scored by six students in four subjects and find the average marks of the student who scored highest in Mathematics.,Aptitude,Data Interpretation
"In a pie chart showing the distribution of employees across five departments, find the central angle for the Marketing department if it employs 25% of the staff.",Aptitude,Data Interpretation
The bar chart shows monthly rainfall in a city. By what percent did the rainfall in July exceed that in June?,Aptitude,Data Interpretation
Refer to the table of imports and exports of a country and determine the year in which the trade deficit was the largest.,Aptitude,Data Interpretation
The graph depicts the number of two-wheelers and four-wheelers sold by a dealer in each quarter. Find the quarter in which the difference between the two was minimum.,Aptitude,Data Interpretation
"Based on the given data on a firm's expenditure on salaries, rent, utilities and transport, calculate what fraction of the total expenditure went to salaries.",Aptitude,Data Interpretation
"In a certain code language, TEACHER is written as VGCEJGT. How will STUDENT be written in the same code?",Aptitude,Coding-Decoding
"If MOUSE is written as NPVTF in a code language, decode the word written there as UBCMF.",Aptitude,Coding-Decoding
In a certain language 'pit na som' means 'bring me water' and 'na jo lik' means 'water is cold'. Which word stands for water?,Aptitude,Coding-Decoding
"If GARDEN is written as 715184514 using letter positions, how would the word ROSE be represented?",Aptitude,Coding-Decoding
"In a code, each letter of a word is shifted two places forward in the alphabet. Write the code for the word PLANT.",Aptitude,Coding-Decoding
"If CAT is coded as 24 and DOG as 26 based on the sum of the positions of their letters, find the code for RAT.",Aptitude,Coding-Decoding
In a certain code SYSTEM is written as SYSMET and NEARER as AENRER. How will FRACTION be written in that code?,Aptitude,Coding-Decoding
Decode the word obtained when each letter of BRAIN is replaced by its opposite letter in the alphabet.,Aptitude,Coding-Decoding
"In a particular language 'blue' means 'sky', 'sky' means 'cloud' and 'cloud' means 'rain'. What will a speaker of this language call the water falling from above?",Aptitude,Coding-Decoding
"If the code for NUMBER is OVNCFS, identify the code for LETTER following the same pattern.",Aptitude,Coding-Decoding
"In a code language TABLE is written as 20112125. Following the same rule, encode the word CHAIR.",Aptitude,Coding-Decoding
A coding system assigns each word a number equal to three times its letter count. What number will be assigned to the word PLACEMENT?,Aptitude,Coding-Decoding
"Find the next term in the series: 3, 7, 15, 31, 63, ?",Aptitude,Number Series
"Identify the missing number in the sequence: 5, 11, 23, 47, ?, 191",Aptitude,Number Series
"Which number will replace the question mark: 2, 6, 12, 20, 30, ?",Aptitude,Number Series
"Complete the series: 121, 144, 169, 196, ?",Aptitude,Number Series
"Find the wrong term in the sequence: 4, 9, 19, 39, 80, 159",Aptitude,Number Series
"What number comes next in the pattern: 1, 4, 27, 256, ?",Aptitude,Number Series
"Determine the missing figure in the series: 8, 24, 12, 36, 18, ?",Aptitude,Number Series
"Continue the pattern: 100, 92, 83, 73, 62, ?",Aptitude,Number Series
"Find the value that replaces the question mark: 7, 14, 28, 56, ?",Aptitude,Number Series
"Which number does not belong to the series: 11, 13, 17, 19, 21, 23",Aptitude,Number Series
"Fill in the blank in the sequence: 0, 3, 8, 15, 24, ?",Aptitude,Number Series
"Identify the next two terms of the sequence: 2, 3, 5, 8, 13, 21, ?",Aptitude,Number Series
"Find the next group of letters in the series: AZ, BY, CX, DW, ?",Aptitude,Letter Series
"Complete the letter series: ABD, DGK, HMS, MTB, ?",Aptitude,Letter Series
"Which set comes next in the sequence: JAK, KBL, LCM, MDN, ?",Aptitude,Letter Series
"Identify the missing term in the series: Z, W, T, Q, ?",Aptitude,Letter Series
"What follows in the sequence: ACE, BDF, CEG, ?",Aptitude,Letter Series
"Fill in the blank in the series: B, D, G, K, ?",Aptitude,Letter Series
"Find the odd group out among ADG, BEH, CFI and DHK.",Aptitude,Letter Series
"Continue the alphabetical pattern: PQ, RS, TU, VW, ?",Aptitude,Letter Series
"Which letter pair completes the series: AC, FH, KM, PR, ?",Aptitude,Letter Series
Determine the missing letters in the sequence a _ bb _ baa _ bbb _ aab.,Aptitude,Letter Series
Doctor is to Hospital as Teacher is to which place?,Aptitude,Analogies
Complete the analogy: Pen is to Write as Knife is to what?,Aptitude,Analogies
Bird relates to Nest in the same way as Bee relates to which word?,Aptitude,Analogies
Hunger is related to Food in the same way as Thirst is related to what?,Aptitude,Analogies
Identify the numerical relationship and complete: 8 : 64 as 11 : ?,Aptitude,Analogies
Carpenter is to Wood as Blacksmith is to which material?,Aptitude,Analogies
Choose the word that completes the pair: Ocean is to Water as Desert is to what?,Aptitude,Analogies
Book is to Author as Painting is to which person?,Aptitude,Analogies
Find the missing term: CAT is to DBU as DOG is to what?,Aptitude,Analogies
Thermometer is to Temperature as Barometer is to which quantity?,Aptitude,Analogies
"Pointing to a photograph a man said, 'She is the daughter of my grandfather's only son.' How is the woman related to him?",Aptitude,Blood Relations
"A is the brother of B, B is the sister of C, and C is the father of D. How is D related to A?",Aptitude,Blood Relations
"Introducing a lady, Rahul said, 'Her husband is the only son of my mother.' How is the lady related to Rahul?",Aptitude,Blood Relations
"If P + Q means P is the father of Q and P - Q means P is the wife of Q, then what does the expression A + B - C indicate?",Aptitude,Blood Relations
Ravi's mother is the only daughter of Suresh's father. How is Suresh related to Ravi?,Aptitude,Blood Relations
"Anita said, 'This boy is the son of the only son of my grandfather.' How is the boy related to Anita?",Aptitude,Blood Relations
"X is the maternal uncle of Y, who is the daughter of Z. How is Z related to X?",Aptitude,Blood Relations
"Pointing to a man in a group photograph a woman said, 'His mother's only daughter is my mother.' What is the man to the woman?",Aptitude,Blood Relations
"A is the son of B, C is the daughter of B and D is the brother of C. How is D related to A?",Aptitude,Blood Relations
Deepak's father's sister's husband is Rakesh. How is Rakesh related to Deepak?,Aptitude,Blood Relations
"In a family M is the wife of N and they have two children P and Q. If R is the son of P, how is R related to N?",Aptitude,Blood Relations
"Given that 'A x B' means A is the mother of B and 'A / B' means A is the brother of B, interpret the expression K x L / M.",Aptitude,Blood Relations
"A man walks 5 km north, turns right and walks 3 km, then turns right again and walks 5 km. How far is he from the starting point?",Aptitude,Direction Sense
"Starting from his house Anil cycles 10 km east, then 6 km south and then 4 km west. In which direction is he now from his house?",Aptitude,Direction Sense
A person facing south turns 135 degrees clockwise and then 45 degrees anticlockwise. Which direction is he facing now?,Aptitude,Direction Sense
Two friends start from the same point; one goes 8 km north and the other 6 km east. Find the shortest distance between them.,Aptitude,Direction Sense
"Ramesh walks 20 m towards the north, turns left and walks 30 m, then turns left again and walks 20 m. Which direction is he facing at the end?",Aptitude,Direction Sense
At sunrise a boy walks with his shadow falling exactly behind him. In which direction is he walking?,Aptitude,Direction Sense
"A car travels 12 km towards west, takes a left turn and covers 9 km, then takes another left and moves 12 km. Determine its distance from the starting point.",Aptitude,Direction Sense
"If south-east becomes north, north-east becomes west and the other directions change accordingly, what will west become?",Aptitude,Direction Sense
"A postman starts from the post office, goes 4 km north, 3 km east, 4 km south and 5 km west. How far is he from the post office?",Aptitude,Direction Sense
"Walking 15 m towards east a man turns right and walks 20 m, then turns right again and walks 15 m. How far and in which direction is he from his original position?",Aptitude,Direction Sense
Statements: All pens are books. All books are papers. Conclusions: I. All pens are papers. II. Some papers are pens. Which conclusion follows?,Aptitude,Syllogisms
Statements: Some doctors are engineers. All engineers are graduates. Determine which conclusions logically follow from these statements.,Aptitude,Syllogisms
Statements: No cat is a dog. All dogs are animals. Examine whether the conclusion that some animals are not cats follows.,Aptitude,Syllogisms
Statements: All flowers are red. Some red things are soft. Decide whether the conclusion that some flowers are soft follows.,Aptitude,Syllogisms
Statements: Every student in the class passed the test. Rahul is a student of that class. What can be concluded about Rahul?,Aptitude,Syllogisms
Statements: Some machines are tools. No tool is a toy. Assess the validity of the conclusion that no machine is a toy.,Aptitude,Syllogisms
Statements: All mangoes are fruits. Some fruits are sour. Conclusions: I. Some mangoes are sour. II. All fruits are mangoes. State which follows.,Aptitude,Syllogisms
Statements: Only a few managers are leaders. All leaders are motivators. Identify the conclusion that definitely follows.,Aptitude,Syllogisms
Statements: No book is a pencil. Some pencils are erasers. Check whether the conclusion that some erasers are not books is valid.,Aptitude,Syllogisms
Statements: All squares are rectangles. All rectangles are quadrilaterals. Which statement about squares must necessarily be true?,Aptitude,Syllogisms
"Eight friends are seated around a circular table facing the centre. If A sits second to the left of B and C sits opposite A, determine C's position with respect to B.",Aptitude,Seating Arrangement
"Five boys sit in a row where P is to the right of Q, R is to the left of Q but to the right of S, and T is to the right of P. Who is sitting in the middle?",Aptitude,Seating Arrangement
"Six people sit in two rows of three each facing one another. Given that X faces Y and Z sits at one end, find who sits opposite Z.",Aptitude,Seating Arrangement
"Seven students stand in a queue facing north. If M is fourth from the left end and N is third from the right, how many students stand between them?",Aptitude,Seating Arrangement
Four couples are seated around a rectangular table with two persons on each side. Establish who sits diagonally opposite the host.,Aptitude,Seating Arrangement
Ten persons sit in a circle facing outward and one person sits third to the right of another. Explain how their relative position changes if all of them turn to face the centre.,Aptitude,Seating Arrangement
"Five friends A, B, C, D and E sit on a bench. C is between A and D, B is at the extreme left and E is to the immediate right of A. Who occupies the extreme right position?",Aptitude,Seating Arrangement
Eight executives attend a meeting seated around a square table with two on each side. Determine who sits fourth to the left of the chairperson.,Aptitude,Seating Arrangement
"Six students are seated in a row facing south. If the student at the extreme left is shifted to the extreme right, what will be the new position of the one who was third from the right?",Aptitude,Seating Arrangement
"Nine friends are seated in three rows of three each. Using the given clues about the corner seats, identify the person seated at the centre.",Aptitude,Seating Arrangement
"In a row of chairs all facing east, the person seated in the middle has three people on his left. Find the total number of persons in the row.",Aptitude,Seating Arrangement
"Five members of a panel sit in a straight line facing the audience. If the chairman must occupy the centre seat and two particular members must sit at the ends, describe the possible arrangements.",Aptitude,Seating Arrangement
In a class of 45 students Rohit ranks 12th from the top. What is his rank from the bottom?,Aptitude,Ranking
In a row of boys Kiran is 7th from the left and 11th from the right. Find the total number of boys in the row.,Aptitude,Ranking
Meera is 15th from the top and 20th from the bottom in a merit list. How many candidates are there in total?,Aptitude,Ranking
In a queue a person is 9th from the front and 14 people stand behind him. Determine his position from the rear.,Aptitude,Ranking
"Among five students of different heights, A is taller than B but shorter than C, and D is the shortest. Who is the second tallest if E is taller than C?",Aptitude,Ranking
"Suresh ranked 18th from the top among the students who passed an examination. If 25 students failed out of 60 candidates, find his rank from the bottom.",Aptitude,Ranking
"Five friends compare their weights; P is heavier than Q, R is lighter than S but heavier than P, and S is lighter than T. Who is the heaviest?",Aptitude,Ranking
"In a row of 30 children Anu is 8th from the right. If she shifts four places towards the left, what becomes her position from the left end?",Aptitude,Ranking
"Ravi is 10 ranks ahead of Manoj in a class of 50 students. If Manoj is 30th from the top, find Ravi's rank from the bottom.",Aptitude,Ranking
"Four books are stacked one above another; the physics book lies immediately above the chemistry book and below the maths book, while biology is above maths. Which book lies at the bottom?",Aptitude,Ranking
All the students who attended the workshop received certificates. Vinay received a certificate. What can be logically deduced about Vinay?,Aptitude,Logical Deduction
"If every employee who works overtime is paid a bonus and Sneha was not paid a bonus, what conclusion can be drawn about Sneha?",Aptitude,Logical Deduction
"Given that no member of the committee is below 30 years of age and Arun is 26, deduce whether Arun can be a member.",Aptitude,Logical Deduction
Either the train is delayed or the passengers have already boarded. The passengers have not boarded. What logically follows?,Aptitude,Logical Deduction
In a company only graduates are eligible for promotion and all promoted staff receive a car allowance. What can be inferred about a person receiving a car allowance?,Aptitude,Logical Deduction
If it rains the match will be cancelled. The match was not cancelled. What can be concluded about the weather?,Aptitude,Logical Deduction
Some of the shortlisted candidates are engineers and all engineers in the list cleared the aptitude test. Deduce what must be true of the shortlisted engineers.,Aptitude,Logical Deduction
All the keys kept in the drawer open the main gate. The key in my pocket does not open the main gate. What can be concluded about that key?,Aptitude,Logical Deduction
Statement: The government has increased the subsidy on fertilisers. Conclusion: Farmers will benefit from the decision. Decide whether the conclusion follows.,Aptitude,Statement and Conclusion
Statement: Many passengers were stranded as the airline cancelled flights due to fog. Conclusion I: Fog affects flight operations. Conclusion II: Airlines never plan for bad weather. Which conclusion follows?,Aptitude,Statement and Conclusion
Statement: The company has decided to conduct training sessions for all new recruits. Conclusion: The new recruits lack the required skills. Examine whether this conclusion is valid.,Aptitude,Statement and Conclusion
Statement: Prices of vegetables have doubled in the city over the last month. Conclusion: Supply from the neighbouring districts has been disrupted. Does the conclusion follow?,Aptitude,Statement and Conclusion
Statement: A notice in the college requires students to carry identity cards at all times. Conclusion: Security on the campus is being tightened. Assess the conclusion.,Aptitude,Statement and Conclusion
Statement: The literacy rate in the state has risen sharply over the last decade. Conclusion I: Educational schemes have been effective. Conclusion II: The population has declined. Which conclusion follows?,Aptitude,Statement and Conclusion
Statement: Despite heavy investment the start-up shut down within two years. Conclusion: Investment alone does not guarantee business success. Is the conclusion justified?,Aptitude,Statement and Conclusion
Statement: The municipality has banned plastic carry bags in the market area. Conclusion: Shopkeepers will look for alternative packaging material. State whether the conclusion follows.,Aptitude,Statement and Conclusion
Statement: The bus fare has been revised upward after a gap of five years. Conclusion: The operating costs of the transport corporation have increased. Evaluate this conclusion.,Aptitude,Statement and Conclusion
Statement: Several employees applied for voluntary retirement this year. Conclusion I: The organisation is facing financial trouble. Conclusion II: The scheme was attractive. Which of these follows?,Aptitude,Statement and Conclusion
Statement: The college has advised students to reach the examination hall thirty minutes early. Assumption: Students will comply with the instruction. Is the assumption implicit?,Aptitude,Statement and Assumption
Statement: An advertisement claims guaranteed next-day delivery by a courier service. Assumption: People value speedy delivery. Determine whether the assumption is implicit.,Aptitude,Statement and Assumption
Statement: The government has launched an online portal for filing complaints. Assumption: Citizens have access to the internet. Decide whether this assumption is implicit.,Aptitude,Statement and Assumption
Statement: A company advertises a vacancy in a regional newspaper. Assumption: Suitable candidates read that newspaper. Is the assumption implied?,Aptitude,Statement and Assumption
Statement: The school has decided to hold classes in two shifts. Assumption: There is a shortage of classrooms in the school. Examine whether the assumption holds.,Aptitude,Statement and Assumption
Statement: A circular asks students to deposit fees before the tenth of the month to avoid a fine. Assumption: Students wish to avoid paying a fine. Is this assumption implicit?,Aptitude,Statement and Assumption
Statement: The hospital has installed a token system at the outpatient counter. Assumption: Patients were facing difficulty because of crowding. Assess whether the assumption is implicit.,Aptitude,Statement and Assumption
Statement: A bank has extended its working hours during the festival season. Assumption: Customer footfall increases during festivals. Decide if the assumption follows.,Aptitude,Statement and Assumption
What is the two-digit number? I. The sum of its digits is 9. II. The number is divisible by 9. Decide which statement is sufficient to answer.,Aptitude,Data Sufficiency
How many days will A take to complete the work alone? I. A and B together finish it in 8 days. II. B is twice as efficient as A. Determine the sufficiency of the statements.,Aptitude,Data Sufficiency
Find the age of the father. I. The ratio of the ages of the father and the son is 5 : 2. II. The son is 14 years old. Which statements are required?,Aptitude,Data Sufficiency
What is the speed of the train? I. It crosses a pole in 12 seconds. II. The train is 240 m long. Judge whether the given data is sufficient.,Aptitude,Data Sufficiency
Is x greater than y? I. x + 3 = y - 2. II. Both x and y are positive integers. State whether the statements answer the question.,Aptitude,Data Sufficiency
What is the cost price of the article? I. It was sold at a profit of 20%. II. The selling price was Rs. 720. Which statement or statements suffice?,Aptitude,Data Sufficiency
In which year was Ramesh born? I. He is 6 years older than his sister. II. His sister was born in 1998. Assess the data sufficiency.,Aptitude,Data Sufficiency
What is the area of the rectangular plot? I. Its perimeter is 80 m. II. Its length is twice its breadth. Decide whether the given data suffices.,Aptitude,Data Sufficiency
Who among the five friends scored the highest? I. P scored more than Q and R. II. S scored more than P but less than T. Determine the sufficiency of the data.,Aptitude,Data Sufficiency
How much simple interest will be earned on the deposit? I. The rate of interest is 9% per annum. II. The amount was invested for 3 years. Judge whether the question can be answered.,Aptitude,Data Sufficiency
"Five friends live on different floors of a five-storey building. Using the given clues about who lives above whom, identify the person on the topmost floor.",Aptitude,Puzzles
"Six boxes of different colours are stacked one above the other. From the given conditions about their positions, determine which box lies immediately above the red box.",Aptitude,Puzzles
"Four persons born in different years pursue different professions. From the clues provided, work out who among them is the oldest.",Aptitude,Puzzles
"Seven employees visit the office on different days of a week. Based on the given information, find the day on which the manager visits.",Aptitude,Puzzles
"A person must cross a river with a wolf, a goat and a cabbage in a boat that carries only one item at a time. Describe the minimum number of trips required.",Aptitude,Puzzles
"Three friends buy different gadgets from different shops on different days. From the given clues, identify the gadget purchased on Wednesday.",Aptitude,Puzzles
Five candidates are interviewed in five different time slots. Determine the slot allotted to the candidate interviewed immediately after the candidate from Delhi.,Aptitude,Puzzles
A man has to measure exactly 4 litres of water using only a 3-litre jar and a 5-litre jar. Explain the sequence of steps required.,Aptitude,Puzzles
"Eight members of a family belonging to three generations are related in a certain manner. Using the clues given, establish how the youngest member is related to the eldest.",Aptitude,Puzzles
"Six students appear for examinations in different subjects in different months. From the given conditions, decide who appeared for the examination in March.",Aptitude,Puzzles
Correct the sentence: Neither of the two candidates were selected for the final round.,Aptitude,Sentence Correction
Rewrite the following correctly: He is one of those who always tries to help others.,Aptitude,Sentence Correction
Identify and correct the mistake: The manager along with his team members are attending the conference.,Aptitude,Sentence Correction
Correct the following sentence: She has been working here since five years.,Aptitude,Sentence Correction
Point out the error and rewrite: Each of the participants have submitted their reports.,Aptitude,Sentence Correction
Correct the usage in the sentence: I prefer coffee than tea in the morning.,Aptitude,Sentence Correction
Correct the sentence: Scarcely had I entered the hall than the lights went off.,Aptitude,Sentence Correction
Fix the grammatical error in the sentence: The teacher asked the students that why they were late.,Aptitude,Sentence Correction
Correct the sentence: He returned back from Delhi yesterday night.,Aptitude,Sentence Correction
"Rewrite the following sentence correctly: If I would have known about the meeting, I would have attended it.",Aptitude,Sentence Correction
Correct the error in the sentence: The quantity of applications received this year are higher than last year.,Aptitude,Sentence Correction
Improve the sentence grammatically: Both the brothers does not agree with each other.,Aptitude,Sentence Correction
Correct the sentence: She is senior than me by three years in this organisation.,Aptitude,Sentence Correction
Rewrite with the correct verb form: The list of items were placed on the table.,Aptitude,Sentence Correction
Improve the following sentence: The reason why he failed is because he did not prepare well.,Aptitude,Sentence Improvement
"Suggest a better construction for the sentence: In spite of he was ill, he attended the seminar.",Aptitude,Sentence Improvement
Improve the expression: The committee has finally arrived to a decision.,Aptitude,Sentence Improvement
Replace the incorrect phrase in the sentence: He was accused for stealing the documents.,Aptitude,Sentence Improvement
Improve the sentence: The candidate was asked to explain about his previous project.,Aptitude,Sentence Improvement
"Suggest an improvement for the sentence: Being a rainy day, the match was postponed.",Aptitude,Sentence Improvement
Improve the highlighted expression in the sentence: He is capable to handle difficult clients.,Aptitude,Sentence Improvement
Rephrase for clarity: The new policy will effect all employees from next month.,Aptitude,Sentence Improvement
Improve the following sentence: She told that she would join the company next week.,Aptitude,Sentence Improvement
Suggest a better form of the sentence: Not only he lost his wallet but also his passport.,Aptitude,Sentence Improvement
Improve the sentence: The meeting was postponed due to the reason of heavy rain.,Aptitude,Sentence Improvement
Rephrase appropriately: He insisted to pay the bill for everyone.,Aptitude,Sentence Improvement
Select the word nearest in meaning to the word ABATE.,Aptitude,Synonyms
Which word is a synonym of METICULOUS as used to describe an employee's work?,Aptitude,Synonyms
Find a word similar in meaning to BENEVOLENT as it appears in formal writing.,Aptitude,Synonyms
Give the closest synonym for the word CANDID.,Aptitude,Synonyms
State a word that conveys the same meaning as PRUDENT.,Aptitude,Synonyms
Identify a synonym for the word AMBIGUOUS in the context of a contract clause.,Aptitude,Synonyms
Which word carries the same meaning as TENACIOUS?,Aptitude,Synonyms
Provide a synonym for the word LUCID as used to describe an explanation.,Aptitude,Synonyms
Choose a word closest in meaning to OBSOLETE.,Aptitude,Synonyms
Find the synonym of the word PLAUSIBLE.,Aptitude,Synonyms
Which term best matches the meaning of the word FRUGAL?,Aptitude,Synonyms
Give a word similar in meaning to ALLEVIATE.,Aptitude,Synonyms
Select the word opposite in meaning to SCARCE.,Aptitude,Antonyms
What is the antonym of the word TRANSPARENT when used in a business context?,Aptitude,Antonyms
Find the word that is opposite in meaning to HUMBLE.,Aptitude,Antonyms
Give the antonym of the word EXPAND as used in an economic report.,Aptitude,Antonyms
Which word means the opposite of OPTIMISTIC?,Aptitude,Antonyms
Identify the antonym of the word TEMPORARY.,Aptitude,Antonyms
State a word opposite in meaning to GENEROUS.,Aptitude,Antonyms
Choose the antonym of the word CONDEMN.,Aptitude,Antonyms
Provide a word contrary in meaning to FEEBLE.,Aptitude,Antonyms
Find the opposite of the word ARTIFICIAL.,Aptitude,Antonyms
Give a word opposite in meaning to ACCELERATE.,Aptitude,Antonyms
What would be the antonym of the word VAGUE in a technical report?,Aptitude,Antonyms
Give the one-word substitute for a person who speaks several languages fluently.,Aptitude,Vocabulary
Which term describes a system of government run by officials and administrators?,Aptitude,Vocabulary
Provide a single word for the study of the origin and history of words.,Aptitude,Vocabulary
Which word denotes a speech delivered without any prior preparation?,Aptitude,Vocabulary
Use the word 'discreet' correctly in a sentence relating to workplace conversations.,Aptitude,Vocabulary
Distinguish between the usage of the words 'stationary' and 'stationery' with suitable examples.,Aptitude,Vocabulary
Give the one-word expression for a person who is unable to make up his mind quickly.,Aptitude,Vocabulary
Explain the meaning of the idiom 'to cut corners' as it would be used in a project review.,Aptitude,Vocabulary
What does the phrase 'a blessing in disguise' convey in everyday usage?,Aptitude,Vocabulary
Supply an appropriate word for a decision that cannot be changed or reversed.,Aptitude,Vocabulary
Rearrange the following sentences into a coherent paragraph: (A) The results surprised everyone. (B) A survey was conducted last year. (C) It covered ten thousand households. (D) The findings were published recently.,Aptitude,Para Jumbles
Arrange the given sentences in a logical sequence to form a meaningful passage on the growth of e-commerce in small towns.,Aptitude,Para Jumbles
The following four sentences describe the working of a recruitment drive. Put them in the correct order.,Aptitude,Para Jumbles
Reorder the given sentences so that the paragraph on climate change reads logically.,Aptitude,Para Jumbles
Identify the sentence that should come first when the given jumbled statements on time management are rearranged.,Aptitude,Para Jumbles
Which sentence will occupy the last position when the given set of statements on interview preparation is arranged properly?,Aptitude,Para Jumbles
Rearrange the jumbled sentences describing the life cycle of a start-up into a coherent paragraph.,Aptitude,Para Jumbles
Put the following statements about the invention of the printing press into a meaningful sequence.,Aptitude,Para Jumbles
The six sentences given below form a passage on urban migration when arranged correctly. Determine the correct order.,Aptitude,Para Jumbles
"From the jumbled sentences on the importance of soft skills, find the pair of sentences that must appear together.",Aptitude,Para Jumbles
Arrange the following instructions for filling an application form in the proper sequence.,Aptitude,Para Jumbles
Sequence the given sentences describing a scientific experiment so that the paragraph becomes logically connected.,Aptitude,Para Jumbles
Read the passage on renewable energy adoption in rural India and state the author's main argument.,Aptitude,Reading Comprehension
"Based on the given passage about workplace automation, explain what the writer fears most.",Aptitude,Reading Comprehension
The passage discusses the decline of traditional handicrafts. Identify the reason cited by the author for this decline.,Aptitude,Reading Comprehension
"After reading the passage on urban air pollution, determine which measure the author considers most effective.",Aptitude,Reading Comprehension
"In the given comprehension passage about online learning, what tone does the writer adopt towards technology?",Aptitude,Reading Comprehension
Read the extract about the Indian monsoon and infer its impact on agricultural planning.,Aptitude,Reading Comprehension
The passage describes the history of the postal system. Deduce what the author implies about modern communication.,Aptitude,Reading Comprehension
"From the given passage on employee motivation, identify the meaning of the word 'incentive' as used in the third paragraph.",Aptitude,Reading Comprehension
Read the passage about a tiger conservation project and state which conclusion is best supported by it.,Aptitude,Reading Comprehension
"According to the passage on financial literacy, what is the primary obstacle faced by first-time investors?",Aptitude,Reading Comprehension
The given passage compares two economic models. Summarise the distinction the author draws between them.,Aptitude,Reading Comprehension
"Based on the comprehension passage about space exploration, suggest an appropriate title for the passage.",Aptitude,Reading Comprehension
Fill in the blank: The manager was not ______ with the quality of the report submitted by the intern.,Aptitude,Fill in the Blanks
Complete the sentence with a suitable word: The new policy will come ______ effect from the first of April.,Aptitude,Fill in the Blanks
Choose an appropriate word to complete the sentence: Despite repeated reminders he failed to ______ the assignment on time.,Aptitude,Fill in the Blanks
Fill in the blanks with suitable prepositions: She has been working ______ this project ______ March.,Aptitude,Fill in the Blanks
Insert the correct word: The two departments must ______ closely to meet the deadline.,Aptitude,Fill in the Blanks
Complete the following sentence: The candidate's answers were so ______ that the panel could not follow his reasoning.,Aptitude,Fill in the Blanks
"Fill in the blank with the right form of the verb: By the time we reached the venue, the ceremony ______ already begun.",Aptitude,Fill in the Blanks
Supply a suitable conjunction: He worked hard ______ he could not clear the cut-off.,Aptitude,Fill in the Blanks
Fill in the blank: The company decided to ______ its operations to three more states this year.,Aptitude,Fill in the Blanks
Complete the sentence appropriately: A good leader must be ______ enough to accept criticism.,Aptitude,Fill in the Blanks
Fill in both the blanks suitably: The report was ______ detailed ______ difficult to summarise.,Aptitude,Fill in the Blanks
Choose the right article to complete the sentence: He is ______ honest officer respected by all.,Aptitude,Fill in the Blanks
Find the part of the sentence containing an error: One of my friend / is going / to Canada / next month.,Aptitude,Error Detection
Spot the error in the sentence: The teacher said / that honesty / is the best / policy.,Aptitude,Error Detection
Identify the erroneous segment: He has been / living in this city / since ten years / without any complaint.,Aptitude,Error Detection
Locate the error in the sentence: The number of / accidents on this road / have increased / considerably.,Aptitude,Error Detection
Detect the mistake: Neither the manager / nor his assistants / was present / at the meeting.,Aptitude,Error Detection
"Which part of the sentence contains an error: If he would have / prepared well, / he would have / cleared the test.",Aptitude,Error Detection
Point out the error: She is more / intelligent than / any girl / in her class.,Aptitude,Error Detection
Find the incorrect part: The committee / have decided / to postpone / the annual function.,Aptitude,Error Detection
Spot the grammatical error: I look forward / to meet you / at the seminar / next week.,Aptitude,Error Detection
Identify the error segment: Each of the students / were given / a certificate / of participation.,Aptitude,Error Detection
Detect the error in the following sentence: He discussed about / the project / with his / team members.,Aptitude,Error Detection
Find the faulty part: Hardly I had / reached the airport / when the flight / was announced.,Aptitude,Error Detection
"Convert the sentence into indirect speech: He said, 'I am preparing for the placement drive.'",Aptitude,Grammar
Change the voice of the sentence: The committee has approved the new proposal.,Aptitude,Grammar
"Transform the following into a complex sentence: He was tired, so he went to bed early.",Aptitude,Grammar
Change the following into the passive voice: Someone has stolen my bicycle.,Aptitude,Grammar
"Convert into reported speech: The interviewer asked, 'Why do you want to join our company?'",Aptitude,Grammar
Identify the tense used in the sentence: She had been waiting for the results for two weeks.,Aptitude,Grammar
Rewrite using the superlative degree: No other student in the class is as diligent as Ramya.,Aptitude,Grammar
"Supply the correct form of the verb: If he ______ harder, he would have secured the job.",Aptitude,Grammar
"Change the narration of the sentence: She said to me, 'Please submit the documents by Friday.'",Aptitude,Grammar
Frame a suitable question tag for the sentence: He rarely attends the weekly review meetings.,Aptitude,Grammar
Rewrite the sentence using the correct preposition: He is not interested ______ pursuing higher studies.,Aptitude,Grammar
Join the two sentences using a suitable connector: The presentation was long. It held everyone's attention.,Aptitude,Grammar
Identify the part of speech of the word 'fast' in the sentence: He completed the task fast.,Aptitude,Grammar
"Change the sentence into the negative form without altering its meaning: As soon as the bell rang, the students left.",Aptitude,Grammar
"What is the output of the following Java code?

int x = 5;
int y = x++ + ++x;
System.out.println(y);",Coding,Java
Write a Java program to check whether a given number is an Armstrong number.,Coding,Java
"In the following Java snippet, what will be printed?

String s = ""Hello"";
s.concat("" World"");
System.out.println(s);",Coding,Java
"Identify the bug in this Java code that is supposed to swap two integers without a temporary variable:

a = a + b;
b = a - b;
a = a - b;",Coding,Java
Write a Java method that returns the factorial of a number using recursion.,Coding,Java
"What will this Java code print, and why?

Integer a = 127;
Integer b = 127;
System.out.println(a == b);",Coding,Java
"Explain what happens if you try to modify an element of an array declared as final in Java, and write code demonstrating it.",Coding,Java
"What is the output of the following code involving Java's integer division?

System.out.println(7 / 2);
System.out.println(7.0 / 2);",Coding,Java
Write a Java program to count the number of vowels in a given string.,Coding,Java
"Given this Java code snippet using a StringBuilder, predict the final value of sb:

StringBuilder sb = new StringBuilder(""abc"");
sb.reverse();
sb.append(""xyz"");",Coding,Java
Write a Java program that reads an integer array and prints the second largest element.,Coding,Java
"What gets printed by the following Java code that catches a division-by-zero exception?

try {
    int x = 5 / 0;
} catch (Exception e) {
    System.out.println(""Error"");
} finally {
    System.out.println(""Done"");
}",Coding,Java
Write a Java program to check if a string is a palindrome ignoring case and spaces.,Coding,Java
"Predict the output:

int[] arr = {1, 2, 3};
for (int i : arr) {
    i = i * 2;
}
System.out.println(arr[0]);",Coding,Java
Write a Java method to merge two sorted integer arrays into one sorted array.,Coding,Java
"What is the output of this switch statement with fall-through?

int day = 2;
switch(day) {
    case 1: System.out.print(""A"");
    case 2: System.out.print(""B"");
    case 3: System.out.print(""C"");
        break;
    default: System.out.print(""D"");
}",Coding,Java
Write a Java program to find all pairs of numbers in an array whose sum equals a given target.,Coding,Java
"Identify why the following Java code fails to compile:

public void printValue() {
    int x;
    System.out.println(x);
}",Coding,Java
Write a Java program that reverses the letters of each word in a sentence while keeping the word order intact.,Coding,Java
"What is the output of the following code involving the string pool and the new keyword?

String a = ""test"";
String b = new String(""test"");
System.out.println(a == b);",Coding,Java
Write a Java program to remove duplicate elements from an ArrayList while preserving order.,Coding,Java
"Predict the output of this nested loop with a labeled break:

outer:
for (int i = 0; i < 3; i++) {
    for (int j = 0; j < 3; j++) {
        if (j == 1) break outer;
        System.out.print("""" + i + j);
    }
}",Coding,Java
Write a Java program to convert a given number into its equivalent Roman numeral.,Coding,Java
"What will be printed by the following code that causes integer overflow?

int max = Integer.MAX_VALUE;
System.out.println(max + 1);",Coding,Java
"Write a Java program to implement a simple stack using an array, supporting push and pop operations.",Coding,Java
"What is the output of the following Python code?

x = [1, 2, 3]
y = x
y.append(4)
print(x)",Coding,Python
Write a Python function to check if a given number is a perfect number.,Coding,Python
"Predict the output of this Python list comprehension:

print([i for i in range(10) if i % 3 == 0])",Coding,Python
Write a Python program to find the longest word in a sentence.,Coding,Python
"What will this code print, and why?

def func(a, b=[]):
    b.append(a)
    return b
print(func(1))
print(func(2))",Coding,Python
Write a Python function that flattens a nested list of arbitrary depth.,Coding,Python
"Identify the bug in this Python code meant to compute the sum of squares from 1 to n:

def sum_of_squares(n):
    total = 0
    for i in range(n):
        total += i * i
    return total",Coding,Python
"What is the output of the following code involving Python string slicing?

s = ""placement""
print(s[::-1])
print(s[2:5])",Coding,Python
Write a Python program to count the frequency of each character in a string using a dictionary.,Coding,Python
"Predict the output:

print(0.1 + 0.2 == 0.3)",Coding,Python
Write a Python function to check whether two strings are anagrams of each other.,Coding,Python
"What is the output of the following code with a generator expression consumed twice?

squares = (x*x for x in range(5))
print(list(squares))
print(list(squares))",Coding,Python
Write a Python program to implement a queue using two stacks.,Coding,Python
"Predict the output of the following code using *args and **kwargs:

def f(*args, **kwargs):
    print(len(args), len(kwargs))
f(1, 2, 3, a=4, b=5)",Coding,Python
Write a Python program to find the missing number in a list containing n-1 distinct numbers from 1 to n.,Coding,Python
"What will be printed by this code involving Python's is versus ==?

a = [1, 2, 3]
b = [1, 2, 3]
print(a == b)
print(a is b)",Coding,Python
Write a Python function to convert a decimal number into its binary representation without using the built-in bin() function.,Coding,Python
"Debug this Python code intended to remove all vowels from a string:

def remove_vowels(s):
    for ch in s:
        if ch in ""aeiou"":
            s = s.replace(ch, """")
    return s",Coding,Python
Write a Python program to find the intersection of two lists without using the set() function.,Coding,Python
"Predict the output of the following code involving exception handling with else and finally:

try:
    x = 10 / 2
except ZeroDivisionError:
    print(""Error"")
else:
    print(""No error"")
finally:
    print(""Done"")",Coding,Python
Write a Python program to implement a simple LRU cache using an OrderedDict.,Coding,Python
"What is the output of the following code involving a shallow copy of a nested list?

import copy
a = [[1, 2], [3, 4]]
b = copy.copy(a)
b[0][0] = 99
print(a[0][0])",Coding,Python
Write a Python function to check if a given string has balanced parentheses.,Coding,Python
"What will this lambda and map code output?

result = list(map(lambda x: x**2 if x % 2 == 0 else x, range(6)))
print(result)",Coding,Python
Write a Python program to sort a list of dictionaries by a specific key's value.,Coding,Python
"What is the output of the following C code?

int x = 5;
printf(""%d %d %d"", x, x++, ++x);",Coding,C
Write a C program to find the GCD of two numbers using recursion.,Coding,C
"Identify the bug in this C code meant to reverse an array in place:

void reverse(int arr[], int n) {
    for (int i = 0; i < n; i++) {
        int temp = arr[i];
        arr[i] = arr[n-i];
        arr[n-i] = temp;
    }
}",Coding,C
"What will the following pointer arithmetic code print?

int arr[] = {10, 20, 30, 40};
int *p = arr;
printf(""%d"", *(p + 2));",Coding,C
Write a C program to check whether a given string is a palindrome using pointers.,Coding,C
"Predict the output of the following code involving struct alignment and sizeof:

struct Point { int x; char c; };
printf(""%lu"", sizeof(struct Point));",Coding,C
Write a C program to implement a simple linked list and insert a node at the end.,Coding,C
"What is the output of this code, which passes an array to a function and prints its sizeof inside that function?

void printSize(int arr[]) {
    printf(""%lu"", sizeof(arr));
}
int main() {
    int arr[10];
    printSize(arr);
}",Coding,C
Write a C program to count the number of set bits in an integer using bitwise operators.,Coding,C
"Debug the following C code that is supposed to allocate memory for a 5-element integer array dynamically:

int *arr = malloc(5);
for (int i = 0; i < 5; i++) arr[i] = i;",Coding,C
"What will this C code involving a static local variable print across multiple calls?

void counter() {
    static int count = 0;
    count++;
    printf(""%d "", count);
}
int main() {
    counter(); counter(); counter();
}",Coding,C
Write a C program to find the second smallest element in an array without sorting it.,Coding,C
"Predict the output of the following code with the comma operator:

int x = (1, 2, 3);
printf(""%d"", x);",Coding,C
Write a C program to implement matrix multiplication for two 2D arrays.,Coding,C
"What is wrong with this C code that tries to return a pointer to a local variable?

int* getValue() {
    int x = 10;
    return &x;
}",Coding,C
Write a C program to check if a given number is prime using an efficient method that only checks up to its square root.,Coding,C
"What will the following macro expansion code output?

#define SQUARE(x) x*x
printf(""%d"", SQUARE(2+3));",Coding,C
Write a C program to implement a function that swaps two numbers using pointers.,Coding,C
"Predict the output of this code involving character arithmetic:

char c = 'A';
printf(""%c"", c + 2);",Coding,C
Write a C program to find the frequency of each word in a sentence.,Coding,C
"Debug the following code meant to copy one string into another using a custom function:

void mystrcpy(char *dest, char *src) {
    while (*src) {
        dest = src;
        src++;
    }
}",Coding,C
Write a C program to convert a binary number into its decimal equivalent without using the pow() function.,Coding,C
"What is the output of the following code involving operator precedence with the ternary operator?

int a = 5, b = 2, c;
c = a > b ? a++ : ++b;
printf(""%d %d %d"", a, b, c);",Coding,C
Write a C program to find the transpose of a matrix.,Coding,C
"Predict the output of this code with a do-while loop and a break condition:

int i = 0;
do {
    if (i == 3) break;
    printf(""%d"", i);
    i++;
} while (i < 5);",Coding,C
"What is the output of the following C++ code involving references?

int x = 10;
int &y = x;
y = 20;
cout << x;",Coding,C++
Write a C++ program to implement a function that overloads the + operator for a Complex number class.,Coding,C++
"Predict the output of this C++ code involving default arguments:

void show(int a, int b = 10) { cout << a + b; }
int main() { show(5); }",Coding,C++
Write a C++ program using an STL vector to remove all duplicate elements from a list of integers.,Coding,C++
"What is wrong with this C++ code that attempts to delete a dynamically allocated array?

int* arr = new int[10];
delete arr;",Coding,C++
Write a C++ program to implement a stack using the STL and check for balanced brackets in an expression.,Coding,C++
"Predict the output of the following code involving copy constructors:

class A {
public:
    A() { cout << ""default ""; }
    A(const A &a) { cout << ""copy ""; }
};
A a1;
A a2 = a1;",Coding,C++
Write a C++ program to sort a vector of pairs based on the second element of each pair.,Coding,C++
"What will this code involving const correctness output or fail to compile?

void display(const int &x) {
    x++;
    cout << x;
}",Coding,C++
Write a C++ program to find the union and intersection of two arrays using STL sets.,Coding,C++
"Predict the output of the following code involving pointers to pointers:

int x = 5;
int *p = &x;
int **pp = &p;
cout << **pp;",Coding,C++
Write a C++ program to implement a template function that returns the maximum of two values of any comparable type.,Coding,C++
"What is the output of the following code with a static class member shared across instances?

class Counter {
public:
    static int count;
    Counter() { count++; }
};
int Counter::count = 0;
Counter c1, c2, c3;
cout << Counter::count;",Coding,C++
Write a C++ program to implement a function that detects whether a given linked list has a cycle.,Coding,C++
"Predict the output of the following code involving multiple catch blocks:

try {
    throw 3.14;
} catch (int e) {
    cout << ""int"";
} catch (double e) {
    cout << ""double"";
}",Coding,C++
Write a C++ program to implement a simple bank account class with deposit and withdraw functions that handles insufficient balance.,Coding,C++
"What will the following code involving an array of objects print?

class Point {
public:
    int x = 1;
};
Point arr[3];
cout << arr[1].x;",Coding,C++
Write a C++ program to find the number of distinct substrings of a given string using a set.,Coding,C++
"Predict the output of the following code involving bitwise operator precedence:

int a = 5, b = 3;
cout << (a & b) << "" "" << (a | b);",Coding,C++
Write a C++ program to implement quicksort on an array of integers.,Coding,C++
"What is the output of this code involving multiple inheritance and explicit scope resolution?

class A { public: void show() { cout << ""A""; } };
class B { public: void show() { cout << ""B""; } };
class C : public A, public B {};
C obj;
obj.A::show();",Coding,C++
Write a C++ program to implement a function that removes consecutive duplicate characters from a string.,Coding,C++
"Predict the output of the following code involving a function returning a reference:

int& getRef(int arr[], int i) { return arr[i]; }
int main() { int arr[3] = {1,2,3}; getRef(arr, 1) = 99; cout << arr[1]; }",Coding,C++
Write a C++ program to implement a min-heap using the STL priority_queue.,Coding,C++
"What will this code involving the this pointer and method chaining output?

class Box {
    int side;
public:
    Box& setSide(int s) { side = s; return *this; }
    int getSide() { return side; }
};
Box b;
cout << b.setSide(5).getSide();",Coding,C++
"What is the output of the following JavaScript code involving variable hoisting?

console.log(x);
var x = 5;",Coding,JavaScript
Write a JavaScript function to debounce a given function call.,Coding,JavaScript
"Predict the output of this code involving closures:

function outer() {
    let count = 0;
    return function() {
        count++;
        return count;
    };
}
const counter = outer();
console.log(counter());
console.log(counter());",Coding,JavaScript
Write a JavaScript function to deep clone a nested object without using JSON methods.,Coding,JavaScript
"What will the following code involving == versus === print?

console.log(0 == ""0"");
console.log(0 === ""0"");
console.log(null == undefined);",Coding,JavaScript
Write a JavaScript function to flatten a nested array to a specified depth.,Coding,JavaScript
"Predict the output of this code involving the event loop and setTimeout:

console.log(""A"");
setTimeout(() => console.log(""B""), 0);
console.log(""C"");",Coding,JavaScript
Write a JavaScript function to implement a simple Promise-based delay/sleep utility.,Coding,JavaScript
"What is the output of the following code involving array destructuring with rest syntax?

const [a, b, ...rest] = [1, 2, 3, 4, 5];
console.log(a, b, rest);",Coding,JavaScript
Write a JavaScript function to check whether two objects are deeply equal.,Coding,JavaScript
"Predict the output of this code involving 'this' inside an arrow function versus a regular function:

const obj = {
    value: 42,
    regular: function() { return this.value; },
    arrow: () => this.value
};
console.log(obj.regular());
console.log(obj.arrow());",Coding,JavaScript
Write a JavaScript function that memoizes the results of an expensive function call.,Coding,JavaScript
"What will this code involving chained array methods print?

const arr = [1,2,3,4,5];
console.log(arr.filter(n => n % 2 === 0).map(n => n * n).reduce((a,b) => a+b));",Coding,JavaScript
Write a JavaScript function to implement a simple curry function for a three-argument function.,Coding,JavaScript
"Predict the output of the following code involving type coercion in string concatenation:

console.log(1 + ""2"" + 3);
console.log(1 + 2 + ""3"");",Coding,JavaScript
Write a JavaScript function to find the first non-repeating character in a string.,Coding,JavaScript
"What is the output of this code involving var inside a loop combined with setTimeout?

for (var i = 0; i < 3; i++) {
    setTimeout(() => console.log(i), 0);
}",Coding,JavaScript
Write a JavaScript function to implement a simple throttling mechanism for a scroll event handler.,Coding,JavaScript
"Predict the output of the following code involving object property shorthand with computed keys:

const key = ""name"";
const obj = { [key]: ""Alice"" };
console.log(obj.name);",Coding,JavaScript
Write a JavaScript function to check if a given string is a valid palindrome ignoring non-alphanumeric characters.,Coding,JavaScript
"What will this code involving the default numeric sort behavior of Array.sort() print?

const arr = [10, 1, 21, 2];
console.log(arr.sort());",Coding,JavaScript
Write a JavaScript function to group an array of objects by a given key.,Coding,JavaScript
"Predict the output of the following code involving optional chaining and the nullish coalescing operator:

const user = { profile: null };
console.log(user.profile?.name ?? ""No name"");",Coding,JavaScript
Write a JavaScript function to implement a simple deep-flatten utility for an object containing nested arrays and objects.,Coding,JavaScript
"What is the output of this code involving an uncaught rejection inside an async function?

async function fetchData() {
    throw new Error(""Failed"");
}
fetchData().catch(e => console.log(e.message));",Coding,JavaScript
"What is the output of the following Python code involving boolean arithmetic?

print(True + True)",Coding,Variables and Data Types
Write a program in any language to demonstrate the difference between pass-by-value and pass-by-reference for primitive data types.,Coding,Variables and Data Types
"Predict the output of this Java code involving explicit narrowing type casting:

double d = 9.99;
int i = (int) d;
System.out.println(i);",Coding,Variables and Data Types
"Write a C program to demonstrate the size difference between int, float, and double using the sizeof operator.",Coding,Variables and Data Types
"What will the following JavaScript code print due to dynamic typing and coercion?

let x = ""5"";
x = x - 2;
console.log(x, typeof x);",Coding,Variables and Data Types
Write a program to demonstrate integer overflow behavior in C for a signed short variable.,Coding,Variables and Data Types
"Predict the output of this Python code involving the global keyword inside a function:

x = 10
def modify():
    global x
    x += 5
modify()
print(x)",Coding,Variables and Data Types
Write a program to swap the values of two variables without using a third variable.,Coding,Variables and Data Types
"What is the output of the following C++ code involving auto type deduction for an integer and a floating-point literal?

auto x = 5;
auto y = 5.5;
cout << typeid(x).name() << "" "" << typeid(y).name();",Coding,Variables and Data Types
Write a program to demonstrate wraparound behavior when an unsigned char is incremented beyond its maximum value.,Coding,Variables and Data Types
"Predict the output of this Java code involving implicit char-to-int conversion:

char c = 'a';
int x = c + 1;
System.out.println(x);",Coding,Variables and Data Types
Write a program to demonstrate the difference between == and .equals() for string comparison in Java.,Coding,Variables and Data Types
"What will this Python code print due to how integer objects are reassigned?

a = 5
b = a
a = a + 1
print(b)",Coding,Variables and Data Types
Write a program in C to demonstrate the difference in memory size between a pointer to int and a pointer to double.,Coding,Variables and Data Types
"Predict the output of the following code involving boolean-to-integer conversion in C:

printf(""%d"", (5 > 3) + (2 > 8));",Coding,Variables and Data Types
Write a program to declare a constant using the const keyword and show what happens when an attempt is made to modify it.,Coding,Variables and Data Types
"What is the output of this JavaScript code involving comparisons with NaN?

console.log(NaN === NaN);
console.log(Number.isNaN(NaN));",Coding,Variables and Data Types
"Write a program to convert a numeric string into an integer manually, without using a built-in parsing function.",Coding,Variables and Data Types
"Predict the output of this Python code involving a mutable object stored inside an immutable tuple:

t = (1, 2, [3, 4])
t[2].append(5)
print(t)",Coding,Variables and Data Types
Write a program to demonstrate the difference between local variables and instance fields in a Java class with the same name.,Coding,Variables and Data Types
"What will the following C code print due to implicit type promotion in mixed arithmetic?

int a = 5;
float b = 2.0;
printf(""%f"", a / b);",Coding,Variables and Data Types
"Write a program to determine at runtime whether a given Python variable currently holds an integer, a float, or a string.",Coding,Variables and Data Types
"Predict the output of the following Python code involving simultaneous tuple assignment and swapping:

a, b = 1, 2
a, b = b, a
print(a, b)",Coding,Variables and Data Types
"Write a program that demonstrates a race condition risk by describing a scenario where a shared counter variable is updated by two threads, then implement a simple single-threaded version of the counter.",Coding,Variables and Data Types
"What is the output of this Java code involving the Integer wrapper class's cache for small values?

Integer a = 200;
Integer b = 200;
System.out.println(a == b);",Coding,Variables and Data Types
"What is the output of the following Java code involving the bitwise AND operator?

System.out.println(5 & 3);",Coding,Operators
Write a program to demonstrate the difference between prefix and postfix increment when both appear in a single C expression.,Coding,Operators
"Predict the output of the following Python code involving floor division with negative operands:

print(5 // 2, -5 // 2)",Coding,Operators
"Write a program to implement a simple calculator in C++ using a switch-case structure supporting addition, subtraction, multiplication, and division.",Coding,Operators
"What is the output of the following JavaScript code involving the right-associativity of the exponentiation operator?

console.log(2 ** 3 ** 2);",Coding,Operators
Write a program to check whether a number is even or odd using a bitwise AND operation instead of the modulo operator.,Coding,Operators
"Predict the output of the following C code involving the bitwise XOR operator:

printf(""%d"", 5 ^ 3);",Coding,Operators
Write a program to demonstrate short-circuit evaluation of && and || in JavaScript using functions that print when called.,Coding,Operators
"What is the output of the following Java code involving the modulus operator with a negative operand?

System.out.println(10 % -3);",Coding,Operators
Write a program to swap two integer variables using the XOR bitwise operator instead of a temporary variable.,Coding,Operators
"Predict the output of the following Python code involving chained comparison operators:

print(3 < 5 < 10)",Coding,Operators
"Write a program to compute the average of two large integers without causing an overflow, using a bitwise right shift.",Coding,Operators
"What is the output of the following C++ code comparing an int and a double using the equality operator?

cout << (5 == 5.0);",Coding,Operators
Write a program that implements the equality operator for a custom Point class in C++ and explains why the default comparison would be incorrect.,Coding,Operators
"Predict the output of the following JavaScript code involving mixed string and numeric operators evaluated left to right:

console.log(""5"" + 3 - 2);",Coding,Operators
Write a program to check whether a given positive integer is a power of two using bitwise operators.,Coding,Operators
"What is the output of the following Java code involving a chain of nested ternary operators?

int x = 5;
String r = (x > 10) ? ""big"" : (x > 3) ? ""medium"" : ""small"";
System.out.println(r);",Coding,Operators
Write a program to compute the logical XOR of two boolean values without using the ^ operator.,Coding,Operators
"Predict the output of the following C code involving compound assignment operators evaluated in sequence:

int a = 5;
a += a -= a * a;
printf(""%d"", a);",Coding,Operators
Write a program to reverse the bits of an 8-bit unsigned integer using bitwise operators.,Coding,Operators
"What is the output of the following Python code involving the truthiness of common falsy values?

print(bool(0), bool(-1), bool(""""), bool([]))",Coding,Operators
Write a program to demonstrate the difference between the bitwise AND operator and the logical AND operator in C when applied to non-boolean integers.,Coding,Operators
"Predict the output of the following JavaScript code involving division by zero:

console.log(typeof (1/0));
console.log(1/0);",Coding,Operators
Write a program to count the number of trailing zero bits in the binary representation of a given integer.,Coding,Operators
"What is the output of the following C++ code involving the left shift operator?

cout << (10 << 2);",Coding,Operators
Predict the output of the following Java code that assigns a letter grade based on a marks value of 85 using nested if-else statements.,Coding,Conditional Statements
Write a program to check whether a given year is a leap year using nested conditional statements.,Coding,Conditional Statements
"What is the output of the following C code, given a = 6 and b = 3, involving a dangling else?

if (a > 5)
    if (b > 5)
        printf(""Both"");
else
    printf(""Not both"");",Coding,Conditional Statements
"Write a program to classify a triangle as equilateral, isosceles, or scalene based on its three side lengths.",Coding,Conditional Statements
"Predict the output of the following Python conditional expression:

x = 5
result = ""even"" if x % 2 == 0 else ""odd""
print(result)",Coding,Conditional Statements
"Write a program to determine the quadrant of a point (x, y) on the Cartesian plane, correctly handling points that lie on an axis.",Coding,Conditional Statements
"What is the output of the following JavaScript switch statement, which omits break statements for two consecutive matching cases?

let val = 1;
switch(val) {
    case 1:
    case 2:
        console.log(""one or two"");
        break;
    default:
        console.log(""other"");
}",Coding,Conditional Statements
"Write a program to classify a given character as a vowel, consonant, digit, or special character.",Coding,Conditional Statements
"Predict the output of the following C++ code, where a short-circuiting condition prevents a division by zero:

int a = 0;
if (a != 0 && 10 / a > 1) cout << ""yes""; else cout << ""no"";",Coding,Conditional Statements
"Write a program to determine loan eligibility based on nested conditions involving age, income, and credit score.",Coding,Conditional Statements
What is the output of the following Java code comparing two floating point values that are mathematically equal but represented imprecisely?,Coding,Conditional Statements
Write a program to simulate a simple traffic light state machine using if-else statements.,Coding,Conditional Statements
"Predict the output of the following Python code involving an elif chain where two conditions could both be true:

x = 15
if x > 20:
    print(""large"")
elif x > 10:
    print(""medium"")
elif x > 5:
    print(""small"")
else:
    print(""tiny"")",Coding,Conditional Statements
Write a program to find the largest of three given numbers without using a built-in max function.,Coding,Conditional Statements
"What is the output of the following C code, where an assignment is mistakenly used instead of a comparison inside an if condition?

int x = 5;
if (x = 0) {
    printf(""zero"");
} else {
    printf(""not zero"");
}",Coding,Conditional Statements
"Write a program to validate whether a given password meets multiple criteria (minimum length, at least one digit, at least one uppercase letter).",Coding,Conditional Statements
Predict the output of the following JavaScript code involving a truthy check on an empty array inside an if statement.,Coding,Conditional Statements
"Write a program to categorize a computed BMI value into underweight, normal, overweight, or obese.",Coding,Conditional Statements
What is the output of the following Java code involving a nested ternary expression comparing three variables to find the largest?,Coding,Conditional Statements
Write a program to check whether three given side lengths can form a valid triangle.,Coding,Conditional Statements
"Predict the output of the following C++ switch statement on a character input that does not match any case, relying on the default case.",Coding,Conditional Statements
Write a program to determine whether a given number lies within a specific inclusive range using a compound conditional expression.,Coding,Conditional Statements
"What is the output of the following Python code, where 'and' and 'or' are used for value selection rather than pure boolean logic?

x = 0
y = x or ""default""
print(y)",Coding,Conditional Statements
"Write a program to implement FizzBuzz, but also print a custom word for multiples of 7 in addition to the standard rules.",Coding,Conditional Statements
Predict the output of the following C code involving an if-else statement nested inside a for loop that breaks on a specific condition.,Coding,Conditional Statements
"Predict the output of the following Java for loop and identify why it does not print the expected five values:

for (int i = 1; i < 5; i++) {
    System.out.print(i * i + "" "");
}",Coding,Loops
Write a program to print all prime numbers between 1 and 100 using nested loops.,Coding,Loops
"What is the output of the following Python loop involving the continue statement?

for i in range(5):
    if i == 3:
        continue
    print(i)",Coding,Loops
Write a program to compute the sum of the digits of a number using a while loop.,Coding,Loops
"Predict the output of the following C loop involving the continue statement:

for (int i = 0; i < 5; i++) {
    if (i == 2) continue;
    printf(""%d"", i);
}",Coding,Loops
Write a program to print a right-angled triangle pattern of stars for a given number of rows.,Coding,Loops
"What is the output of the following JavaScript while loop that increments by two each iteration?

let i = 0;
while (i < 5) {
    console.log(i);
    i += 2;
}",Coding,Loops
Write a program to compute the sum of the Fibonacci series up to n terms using a loop.,Coding,Loops
"Predict the output of the following C++ do-while loop, and explain why its body executes even though the condition is initially false:

int i = 10;
do {
    cout << i;
} while (i < 5);",Coding,Loops
Write a program to reverse the digits of a given integer using a while loop.,Coding,Loops
"What is the output of the following Java nested for loop, which builds a multiplication table for 3 but breaks once the product exceeds 15?",Coding,Loops
Write a program to check whether a given number is a palindrome using a loop.,Coding,Loops
"Predict the output of the following Python nested loop involving a break inside the inner loop only:

for i in range(3):
    for j in range(3):
        if j == i:
            break
        print(i, j)",Coding,Loops
Write a program to print Pascal's triangle for a given number of rows.,Coding,Loops
"What is the output of the following C code involving the post-decrement operator directly inside a while condition?

int i = 3;
while (i--) {
    printf(""%d "", i);
}",Coding,Loops
Write a program to count the number of digits in a given integer using a loop.,Coding,Loops
"Predict the output of the following JavaScript nested for loop that skips iterations where the indices are equal:

for (let i = 0; i < 3; i++) {
    for (let j = 0; j < 3; j++) {
        if (i === j) continue;
        console.log(i, j);
    }
}",Coding,Loops
Write a program to find the LCM of two numbers using a loop-based approach.,Coding,Loops
"What is the output of the following C++ for loop that counts down from 5 to 1?

for (int i = 5; i > 0; i--) cout << i;",Coding,Loops
Write a program to generate all Armstrong numbers within a given range using nested loops.,Coding,Loops
Predict the output of the following Python loop that uses a counter variable and a break statement to simulate a limited number of retries.,Coding,Loops
Write a program to print a diamond (rhombus) pattern of stars using nested loops.,Coding,Loops
What is the output of the following Java code involving a labeled continue statement inside a nested loop?,Coding,Loops
Write a program to compute the value of base raised to exponent using a loop instead of a built-in power function.,Coding,Loops
"Predict the output of the following C for loop that uses multiple initialization and update expressions separated by commas:

for (int i = 0, j = 5; i < j; i++, j--) {
    printf(""%d-%d "", i, j);
}",Coding,Loops
"Predict the output of the following JavaScript function that uses a default parameter, when it is explicitly called with undefined.",Coding,Functions
Write a Python function that accepts a variable number of numeric arguments and returns their average.,Coding,Functions
What is the output of the following C code demonstrating the difference between passing a variable by value and passing its address by pointer?,Coding,Functions
"Write overloaded Java method signatures for a method named process that behaves differently for int, double, and String arguments, and explain which version is invoked for a call with a char argument.",Coding,Functions
"Predict the output, or rather the runtime error, produced by the following recursive Python function that lacks a proper base case.",Coding,Functions
Write a C++ function that uses pass-by-reference parameters to modify two variables simultaneously inside a single call.,Coding,Functions
"What is the output of the following JavaScript Immediately Invoked Function Expression (IIFE)?

(function() {
    console.log(""executed"");
})();",Coding,Functions
Write a function in any language that returns two values from a single call and demonstrate how the caller receives both.,Coding,Functions
"Predict the output of the following Java code, where a finally block contains a return statement that overrides the try block's return value.",Coding,Functions
Write a Python function that accepts another function as an argument and applies it to every element of a list.,Coding,Functions
"What is the output of the following C program, where a function is used before being declared, and explain the resulting compiler warning?",Coding,Functions
Write a JavaScript function that returns another function to implement partial application for an addition operation.,Coding,Functions
"Predict the output of the following Java code, where a static method is called through a null object reference.",Coding,Functions
Write a C++ function template that swaps two variables of any type that supports assignment.,Coding,Functions
What is the output of the following Python function that uses the nonlocal keyword to modify a variable in its enclosing scope?,Coding,Functions
Write a function to compute the nth Fibonacci number using memoization to optimize a naive recursive implementation.,Coding,Functions
Predict the output of the following JavaScript code comparing the arguments object inside a regular function versus its absence inside an arrow function.,Coding,Functions
"Write a Java method that performs basic validation of whether a given string looks like a valid email address, without using regular expressions.",Coding,Functions
What is the output of the following C code comparing a function that returns a struct by value with one that returns a pointer to a struct?,Coding,Functions
Write a Python decorator that logs the execution time of any function it wraps.,Coding,Functions
"Predict the behavior of the following recursive C function that computes a factorial for a very large input, and explain what ultimately happens to the program.",Coding,Functions
Write a JavaScript function to implement a simple pipe/compose utility that chains multiple single-argument functions together.,Coding,Functions
"What is the output of the following Java code, which demonstrates variable shadowing between a constructor parameter and an instance field of the same name?",Coding,Functions
Write a C++ function that accepts a lambda expression as a parameter to filter elements of a vector.,Coding,Functions
"Predict the output of the following Python function, which defines a keyword-only parameter and is then called using a positional argument.",Coding,Functions
Write a program to find the maximum subarray sum using Kadane's algorithm.,Coding,Arrays
"Predict the output of the following Java code, which clones an array versus assigning it by reference, and then mutates one of them.",Coding,Arrays
Write a program to rotate an array to the right by k positions in place.,Coding,Arrays
"What undefined behavior does the following C code risk by accessing one index past the end of the array?

int arr[5] = {1,2,3,4,5};
printf(""%d"", arr[5]);",Coding,Arrays
Write a program to find all pairs in an array that sum to a given target value using a hash set.,Coding,Arrays
"Predict the output of the following Python code, which slices a 2D list and then modifies an element of the sliced row.",Coding,Arrays
Write a program to merge two already-sorted arrays into a third sorted array without using a separate sort call.,Coding,Arrays
"What is the output of the following JavaScript code, which uses the spread operator to shallow-copy an array of objects and then mutates a nested object?",Coding,Arrays
"Write a program to find the majority element in an array, defined as the element appearing more than n/2 times.",Coding,Arrays
"Predict the output of the following C++ code, which passes a 2D array to a function and computes sizeof both inside and outside that function.",Coding,Arrays
Write a program to move all zeroes in an array to the end while preserving the relative order of the non-zero elements.,Coding,Arrays
"What is the output of the following Java code, which initializes a jagged 2D array and iterates over it with nested for-each loops?",Coding,Arrays
"Write a program to find the equilibrium index of an array, where the sum of elements to the left equals the sum of elements to the right.",Coding,Arrays
"Predict the output of the following Python code, which uses a negative step to slice a list in reverse with a skip of two.",Coding,Arrays
Write a program to find the missing number and the repeating number in an array containing values from 1 to n.,Coding,Arrays
"What is the output of the following C code, which compares two arrays directly using the == operator?",Coding,Arrays
"Write a program to find the maximum product subarray in an array of integers, correctly handling negative numbers.",Coding,Arrays
"Predict the output of the following JavaScript code, comparing the default lexicographic sort() with a numeric comparator sort() on the same array.",Coding,Arrays
"Write a program to rearrange an array so that positive and negative numbers alternate, starting with a positive number.",Coding,Arrays
"What is the output of the following Java code, which converts an array to a fixed-size list using Arrays.asList() and then attempts to add a new element to it?",Coding,Arrays
Write a program to find the first missing positive integer in an unsorted array.,Coding,Arrays
"Predict the output of the following C++ code, which resizes a vector and checks whether a previously obtained iterator remains valid afterward.",Coding,Arrays
"Write a program to find the leader elements in an array, defined as elements greater than every element to their right.",Coding,Arrays
"What is the output of the following Python code, which creates a 2D grid using list multiplication and then modifies a single row?",Coding,Arrays
Write a program to merge all overlapping intervals given as a list of start-end pairs.,Coding,Arrays
Write a program to check whether one string is a rotation of another string.,Coding,Strings
"Predict the output of the following Java code, which compares two strings using compareTo() and interprets the sign of the returned integer.",Coding,Strings
Write a program to find the longest common prefix among an array of strings.,Coding,Strings
"What error results from the following Python code, which calls str.join() on a list containing a non-string element?",Coding,Strings
Write a program to implement run-length encoding of a given string.,Coding,Strings
What risk does the following C code carry when it concatenates two character arrays using strcat() without checking the destination buffer's size?,Coding,Strings
"Write a program to check whether a string contains only unique characters, without using any extra data structure.",Coding,Strings
"What is the output of the following JavaScript code, which uses a template literal containing an embedded function call?",Coding,Strings
Write a program to find the first repeated character in a string.,Coding,Strings
"Predict the output of the following C++ code, which compares two std::string objects using == versus comparing two char* variables using ==.",Coding,Strings
"Write a program to convert a given string to title case, capitalizing the first letter of every word.",Coding,Strings
"What is the output of the following Python code, which checks for substring presence using the in operator versus using the find() method?",Coding,Strings
Write a program to count the occurrences of each word in a paragraph of text.,Coding,Strings
"Predict the output of the following Java code, which calls String.split() with a regex that matches multiple consecutive delimiters.",Coding,Strings
"Write a program to determine whether two strings are exactly one edit (insertion, deletion, or replacement) apart.",Coding,Strings
"What is the output of the following C code, which calls strlen() on a character array that contains an embedded null character partway through?",Coding,Strings
Write a program to find the longest palindromic substring within a given string.,Coding,Strings
"Predict the output of the following JavaScript code, comparing string.replace() with a global regex flag against the same call without it.",Coding,Strings
Write a program to determine whether the characters of a given string can be rearranged to form a palindrome.,Coding,Strings
"What is the output of the following Python code, which slices a string using a step value of negative two?",Coding,Strings
Write a program to implement basic string compression that replaces repeated character runs with the character and its count.,Coding,Strings
"Predict the output of the following C++ code, which appends to a std::string inside a loop and then checks whether an iterator obtained earlier is still valid.",Coding,Strings
Write a program to check whether two strings differ by at most k characters at the same positions.,Coding,Strings
"What is the output of the following Java code, which uses StringBuilder's insert() and deleteCharAt() methods together on the same object?",Coding,Strings
Write a program to find all substrings of a given string that are themselves palindromes.,Coding,Strings
"Predict the output of the following Java code, where both the try block and the finally block contain a return statement.",Coding,Exception Handling
Write a program to handle two different exception types within a single catch clause using a multi-catch syntax.,Coding,Exception Handling
"What is the output of the following Python code, which raises a custom exception with a message and catches it in the calling code?",Coding,Exception Handling
"Write a program to validate user input for a division operation, correctly handling both invalid (non-numeric) input and division by zero.",Coding,Exception Handling
"Predict the output of the following C++ code, which fails to catch a thrown exception because the catch block specifies the wrong type.",Coding,Exception Handling
Write a program to define a custom exception class in Java that represents insufficient balance in a simple banking scenario.,Coding,Exception Handling
"What is the output of the following JavaScript code, where an error is thrown inside the finally block of a try/catch/finally structure?",Coding,Exception Handling
Write a program to demonstrate exception chaining in Python using the raise ... from ... syntax.,Coding,Exception Handling
"Predict the output of the following Java code, where a new exception is thrown from inside a catch block, and explain how it propagates.",Coding,Exception Handling
Write a program in C++ that intentionally triggers and catches a std::out_of_range exception from a vector's at() method.,Coding,Exception Handling
"What is the output of the following Python code, which uses a bare except clause, and why is this generally considered poor practice?",Coding,Exception Handling
Write a program to demonstrate automatic resource cleanup using Java's try-with-resources syntax for a file operation.,Coding,Exception Handling
"Predict the output of the following C++ code, where an exception is thrown from inside a constructor, and explain what happens to the partially constructed object.",Coding,Exception Handling
"Write a program that implements retry logic for a function call that might throw an exception, retrying up to three times before giving up.",Coding,Exception Handling
"What is the output of the following Java code, which catches a checked exception in one branch but leaves an unchecked exception undeclared in another?",Coding,Exception Handling
Write a program using Python's context manager (the with statement) to safely handle exceptions that may occur during file access.,Coding,Exception Handling
"What happens in the following JavaScript code, where an async function's rejected Promise is never explicitly caught?",Coding,Exception Handling
Write a program that defines a custom validation function which raises an exception when a given input violates a specified constraint.,Coding,Exception Handling
"What is the output of the following C++ code, which uses a catch-all handler catch(...) alongside a handler for a specific exception type?",Coding,Exception Handling
Write a program to demonstrate how an exception propagates up through three nested function calls in Java before being caught.,Coding,Exception Handling
"Predict the output of the following Python code, where an exception occurs inside a loop, is caught, and the loop is allowed to continue.",Coding,Exception Handling
Write a program that implements a simple logging mechanism which records exception details without halting program execution.,Coding,Exception Handling
"What is the output of the following Java code, where multiple catch blocks are ordered with a superclass exception type listed before its subclass?",Coding,Exception Handling
Write a program that converts a checked exception into an unchecked exception by wrapping it inside a RuntimeException in Java.,Coding,Exception Handling
What happens when the following C++ code throws an exception for which there is no matching catch block anywhere in the call stack?,Coding,Exception Handling
Write a program to compute the sum of the digits of a number using recursion.,Coding,Recursion
"Predict the output of the following recursive function, which prints numbers counting down from n to 1 and then back up from 1 to n.",Coding,Recursion
Write a program to solve the Tower of Hanoi problem using recursion and count the total number of moves it makes.,Coding,Recursion
"What is the output of the following Python function, which computes base raised to exponent using a divide-and-conquer recursive approach for efficiency?",Coding,Recursion
Write a program to check whether a given string is a palindrome using recursion instead of iteration.,Coding,Recursion
"Predict the output of the following recursive Java function that computes Fibonacci numbers, and explain how many redundant calls occur for a small input like 5.",Coding,Recursion
Write a program to flatten an arbitrarily nested list structure using recursion.,Coding,Recursion
What does the following recursive C function that reverses a singly linked list do at each level of its call stack?,Coding,Recursion
Write a program to generate all subsets (the power set) of a given set using recursion.,Coding,Recursion
Predict the output of the following recursive function that computes the greatest common divisor using the Euclidean algorithm.,Coding,Recursion
Write a program to generate all permutations of a given string using recursion.,Coding,Recursion
What is the output of the following pair of mutually recursive functions used to determine whether a number is even or odd?,Coding,Recursion
Write a program to implement binary search using recursion instead of a loop.,Coding,Recursion
Predict the output of the following recursive function that computes the sum of an array's elements using a divide-and-conquer approach.,Coding,Recursion
Write a program to solve the N-Queens problem for a small board size using recursive backtracking.,Coding,Recursion
"What is the output of the following recursive function that counts the number of distinct ways to climb n stairs, taking either 1 or 2 steps at a time?",Coding,Recursion
Write a program to convert a decimal number to its binary representation using recursion.,Coding,Recursion
"What error results from the following recursive JavaScript function, which has no base case at all?",Coding,Recursion
Write a program to implement merge sort using recursion.,Coding,Recursion
What is the output of the following recursive function that computes the product of two numbers using repeated addition?,Coding,Recursion
Write a program to solve a simple maze traversal problem using recursive backtracking on a small grid.,Coding,Recursion
Predict the output of the following recursive function that removes all occurrences of a specific value from a singly linked list.,Coding,Recursion
Write a program to find all combinations of size k chosen from a set of n elements using recursion.,Coding,Recursion
"What is the output of the following tail-recursive function that computes a factorial, and does the language in question typically optimize this tail call?",Coding,Recursion
Write a program to implement the quicksort algorithm using recursion with the Lomuto partition scheme.,Coding,Recursion
"Write a program to remove duplicate elements from a Java ArrayList while preserving insertion order, using a LinkedHashSet.",Coding,Collections
"Predict the output of the following Python code, which inserts duplicate keys into a dictionary literal and then prints the resulting dictionary.",Coding,Collections
Write a program to implement a word-frequency counter using a Java HashMap.,Coding,Collections
"What is the output of the following C++ code, which inserts a duplicate value into a std::set that already contains it?",Coding,Collections
Write a program to sort the entries of a Java HashMap by their values in descending order.,Coding,Collections
"Predict the output of the following Python code, which uses a Counter object from the collections module to find the most common elements in a list.",Coding,Collections
Write a program to implement a simple priority queue using Java's PriorityQueue class with a custom comparator.,Coding,Collections
"What is the output of the following C++ code, and in what order does it visit key-value pairs while iterating over a std::map?",Coding,Collections
Write a program to find the intersection of two Java HashSets.,Coding,Collections
"Predict the output of the following Python code, which converts a list containing duplicate elements into a set and then back into a list.",Coding,Collections
Write a program to implement a simple LRU cache using Java's LinkedHashMap with access-order iteration enabled.,Coding,Collections
"What is the output of the following JavaScript code, comparing a Map object to a plain object when non-string keys are used?",Coding,Collections
Write a program to group a list of Java objects by a specific field using Collectors.groupingBy in the Streams API.,Coding,Collections
"Predict the output of the following Python code, which uses a defaultdict to count occurrences of items in a list.",Coding,Collections
Write a program to implement a simple double-ended queue using Java's ArrayDeque class.,Coding,Collections
"What is the output of the following C++ code, comparing access to a non-existent key in a std::map using the [] operator versus the at() method?",Coding,Collections
"Write a program to merge two Java HashMaps, summing the values for any keys that appear in both.",Coding,Collections
"Predict the output of the following JavaScript code, which uses a Set to remove duplicate numeric values from an array.",Coding,Collections
Write a program to find the top k most frequent elements in an array using a Java PriorityQueue.,Coding,Collections
"What is the output of the following Python code, which compares two dictionaries for equality regardless of the order their keys were inserted?",Coding,Collections
Write a program to represent a simple graph as an adjacency list using a Java HashMap of lists.,Coding,Collections
"Predict the output of the following C++ code, which iterates over an unordered_map, and explain why the iteration order is unspecified.",Coding,Collections
Write a program to convert a Java List of Integer objects into an array of primitive int values.,Coding,Collections
"What is the output of the following Python code, which uses zip() to combine two lists into a single dictionary?",Coding,Collections
Write a program to implement a simple event bus using a Java HashMap that maps event names to lists of listener objects.,Coding,Collections
"What is the output of the following C code, which increments a pointer and dereferences it while traversing an array?",Coding,Pointers and References
"Write a program to implement a function that swaps two pointers themselves, not just the values they point to, using a pointer to a pointer.",Coding,Pointers and References
"Does the following C++ code compile, given that it attempts to declare a reference to a reference? Explain the result.",Coding,Pointers and References
"Write a program that demonstrates a dangling pointer by returning the address of a local variable from a function, and explain the resulting undefined behavior.",Coding,Pointers and References
"What is the output of the following C code, which performs pointer arithmetic on an array of structs to access one struct's field?",Coding,Pointers and References
"Write a program to traverse a singly linked list using pointers, printing each node's stored value.",Coding,Pointers and References
"Write a short C++ example comparing a raw pointer to a std::unique_ptr in terms of ownership semantics, and explain the key difference.",Coding,Pointers and References
Write a program to demonstrate the difference in C between a pointer to a constant value and a constant pointer to a variable value.,Coding,Pointers and References
Write a program in C that uses a function pointer to call one of several functions based on a user's menu choice.,Coding,Pointers and References
Write a program to implement a 2D dynamic array in C using a pointer to a pointer.,Coding,Pointers and References
"What is the output of the following C++ code, which uses a void pointer and an explicit cast to access the underlying integer data?",Coding,Pointers and References
"Write a program that demonstrates a memory leak by allocating memory without freeing it, and explain how the code should be corrected.",Coding,Pointers and References
"What is the output of the following C code, where two pointers reference the same memory location and one of them is used to modify the stored value?",Coding,Pointers and References
"Write a program to implement a doubly linked list with pointers to both the next and previous nodes, including insertion at a given position.",Coding,Pointers and References
"Predict the output of the following C++ code, which passes a pointer to a function that reassigns the pointer itself rather than modifying the pointee.",Coding,Pointers and References
Write a program to demonstrate a null pointer dereference issue and show how to guard against it with a preceding check.,Coding,Pointers and References
"What is the output of the following C code, which uses pointer subtraction to calculate the number of elements between two positions in an array?",Coding,Pointers and References
Write a program to reverse a string using pointer manipulation instead of array indexing.,Coding,Pointers and References
Write a short C++ example showing how reference parameters differ from pointer parameters when used in function overload resolution.,Coding,Pointers and References
Write a program that demonstrates array-to-pointer decay when an array is passed as an argument to a function.,Coding,Pointers and References
"What is the output of the following C code, which casts an int pointer to a char pointer and dereferences it to inspect individual bytes?",Coding,Pointers and References
Write a program to implement a simple stack data structure using pointers and dynamically allocated memory in C.,Coding,Pointers and References
"Explain why the following C++ code fails to compile, given that it attempts to reseat a reference variable to point to a different object after initialization.",Coding,Pointers and References
Write a program to implement a simple callback mechanism in C using a pointer to a function.,Coding,Pointers and References
"What category of bug does the following C code represent, given that it frees the same pointer twice?",Coding,Pointers and References
"The following Java code is supposed to find the maximum element in an array but returns an incorrect result whenever all elements are negative. Identify and fix the bug.

int max = 0;
for (int num : arr) {
    if (num > max) max = num;
}",Coding,Debugging
"Debug the following Python code, which is meant to check whether a number is prime but incorrectly classifies 1 as prime.

def is_prime(n):
    for i in range(2, n):
        if n % i == 0:
            return False
    return True",Coding,Debugging
"The following C code is meant to compute the sum of an array but crashes with a segmentation fault. Identify the cause.

int sum(int *arr, int n) {
    int total = 0;
    for (int i = 0; i <= n; i++) total += arr[i];
    return total;
}",Coding,Debugging
"Debug the following JavaScript code, which is supposed to filter even numbers from an array but always returns an empty array.

function evens(arr) {
    return arr.filter(n => n % 2 = 0);
}",Coding,Debugging
"The following C++ code is meant to implement binary search but enters an infinite loop for certain inputs. Identify the bug.

int low = 0, high = n - 1;
while (low <= high) {
    int mid = (low + high) / 2;
    if (arr[mid] < target) low = mid;
    else high = mid;
}",Coding,Debugging
"Debug the following Java code, where a for-each loop is meant to double every element of a list, but the original list is left unchanged.

for (int num : list) {
    num = num * 2;
}",Coding,Debugging
"The following Python code is supposed to reverse a singly linked list but loses track of the head node. Identify the bug.

def reverse(head):
    prev = None
    curr = head
    while curr:
        curr.next = prev
        prev = curr
        curr = curr.next
    return prev",Coding,Debugging
"Debug the following C code, where a recursive function meant to compute a factorial produces an incorrect result for an input of 0.

int factorial(int n) {
    if (n == 1) return 1;
    return n * factorial(n - 1);
}",Coding,Debugging
"The following JavaScript code implements a countdown timer using setInterval but never stops counting. Identify the bug.

let count = 5;
setInterval(() => {
    console.log(count);
    count--;
}, 1000);",Coding,Debugging
"Debug the following Java code, which throws a ConcurrentModificationException when removing elements from a list while iterating over it with a for-each loop.",Coding,Debugging
"The following C++ code is supposed to copy a vector, but modifying the copy also unexpectedly changes the original. Identify the bug.

vector<int>& copyVec(vector<int>& original) {
    return original;
}",Coding,Debugging
"Debug the following Python code, which is meant to merge two dictionaries but silently overwrites values from the first dictionary for shared keys.

def merge(d1, d2):
    result = d1
    result.update(d2)
    return result",Coding,Debugging
The following C code causes a stack overflow for a recursive Fibonacci function even for moderately large values of n. Identify why this happens.,Coding,Debugging
"Debug the following Java code, where a string comparison using == unexpectedly fails for two strings that appear identical.

String a = new String(""test"");
String b = ""test"";
if (a == b) {
    System.out.println(""equal"");
} else {
    System.out.println(""not equal"");
}",Coding,Debugging
"The following JavaScript code implements a counter using a closure, but calling the returned function always resets the count to zero. Identify the bug.

function makeCounter() {
    let count = 0;
    return function() {
        let count = 0;
        count++;
        return count;
    };
}",Coding,Debugging
"Debug the following C++ code, which leaks memory whenever an exception is thrown before its delete statement is reached.

int* data = new int[100];
processData(data);
delete[] data;",Coding,Debugging
"The following Python code is meant to sort a list of tuples by the second element but throws a TypeError. Identify the bug.

pairs = [(1, 'b'), (2, 'a')]
pairs.sort(key = lambda x: x(1))",Coding,Debugging
"Debug the following Java code, which throws an ArrayIndexOutOfBoundsException intermittently depending on the input array's size.

for (int i = 0; i <= arr.length; i++) {
    System.out.println(arr[i]);
}",Coding,Debugging
"The following C code is meant to swap two integers using pointers, but the values remain unchanged after the function call. Identify the bug.

void swap(int a, int b) {
    int temp = a;
    a = b;
    b = temp;
}",Coding,Debugging
"Debug the following JavaScript code, where an asynchronous function is expected to return a resolved value directly but instead returns a pending Promise object.",Coding,Debugging
"The following C++ code produces an incorrect result because it performs integer division where floating-point division was intended. Identify and fix the bug.

int total = 7, count = 2;
double average = total / count;",Coding,Debugging
"Debug the following Python code, which is meant to remove items from a list while iterating over it but ends up skipping some elements.

for item in my_list:
    if item < 0:
        my_list.remove(item)",Coding,Debugging
The following Java code fails to compile due to a missing return statement along one branch of an if-else block inside a method with a non-void return type. Identify the issue.,Coding,Debugging
"Debug the following C code, where data is written into a fixed-size buffer beyond its allocated bounds, leading to unpredictable behavior.

char buffer[5];
strcpy(buffer, ""HelloWorld"");",Coding,Debugging
"The following JavaScript code compares two arrays with identical contents using === and always evaluates to false. Explain why, and rewrite the comparison correctly.",Coding,Debugging
"What is the output of the following Java code involving mixed logical and bitwise operators?

boolean result = (5 > 3) & (2 > 8);
System.out.println(result);",Coding,Output Prediction
Predict the output of the following Python code involving a mutable default argument called across multiple invocations of the same function.,Coding,Output Prediction
What is the output of the following C code involving the sizeof operator applied to several different data types on a typical 64-bit system?,Coding,Output Prediction
"Predict the output of the following JavaScript code involving the comma operator used inside a for loop's update expression.

for (let i = 0, j = 10; i < 3; i++, j--) {
    console.log(i, j);
}",Coding,Output Prediction
"What is the output of the following C++ code involving an implicit conversion between a char, an int, and a float in a single expression?",Coding,Output Prediction
"Predict the output of the following Java code involving string concatenation mixed with unparenthesized arithmetic.

System.out.println(1 + 2 + ""3"" + 4 + 5);",Coding,Output Prediction
"What is the output of the following Python code involving list unpacking with an extra variable captured via the star operator?

a, *b, c = [1, 2, 3, 4, 5]
print(a, b, c)",Coding,Output Prediction
Predict the output of the following C code involving nested ternary operators evaluating three different integer variables.,Coding,Output Prediction
"What is the output of the following JavaScript code involving a sparse array created using the delete operator?

let arr = [1, 2, 3];
delete arr[1];
console.log(arr.length, arr);",Coding,Output Prediction
"Predict the output of the following Java code involving integer division whose result is then assigned to a double variable.

double result = 7 / 2;
System.out.println(result);",Coding,Output Prediction
"What is the output of the following C++ code, and why is the order in which its function arguments are evaluated considered unspecified?

int x = 0;
int inc() { return ++x; }
cout << inc() << inc();",Coding,Output Prediction
"Predict the output of the following Python code involving a chain of method calls on a single string object.

print(""  Hello World  "".strip().lower().replace(""world"", ""python""))",Coding,Output Prediction
"What is the output of the following C code involving the modulus operator applied to a negative dividend?

printf(""%d"", -7 % 3);",Coding,Output Prediction
"Predict the output of the following JavaScript code involving implicit type coercion inside the array join method.

console.log([1, null, undefined, 2].join(""-""));",Coding,Output Prediction
What is the output of the following Java code involving a static initializer block that runs before the main method executes?,Coding,Output Prediction
"Predict the output of the following C++ code involving the increment operator applied directly to a pointer used in an array expression.

int arr[] = {1, 2, 3};
int *p = arr;
cout << *p++ << *p;",Coding,Output Prediction
"What is the output of the following Python code involving short-circuit boolean evaluation combined with a function that has a side effect?

def sideEffect():
    print(""called"")
    return True
result = False and sideEffect()",Coding,Output Prediction
Predict the output of the following C code involving a comparison between a signed integer and an unsigned integer in the same expression.,Coding,Output Prediction
What is the output of the following Java code involving autoboxing of primitives inside a collection followed by unboxing during arithmetic?,Coding,Output Prediction
"Predict the output of the following JavaScript code involving the spread operator applied to a string to convert it into an array of characters.

console.log([...""abc""]);",Coding,Output Prediction
What is the output of the following C++ code involving the precedence of the assignment operator relative to the equality operator?,Coding,Output Prediction
"Predict the output of the following Python code involving the walrus operator used inside a while loop's condition.

data = [1, 2, 3]
while (n := len(data)) > 0:
    print(data.pop())",Coding,Output Prediction
"What is the output of the following Java code involving array covariance, and why does it raise an ArrayStoreException at runtime?",Coding,Output Prediction
"Predict the output of the following C code involving a macro that lacks proper parentheses around its parameter, causing unexpected expansion during arithmetic.

#define DOUBLE(x) x + x
printf(""%d"", 3 * DOUBLE(5));",Coding,Output Prediction
"What is the output of the following JavaScript code, which compares the behavior of an undefined variable that was declared but not assigned against one that was never declared at all?",Coding,Output Prediction
Write a program to print a pyramid pattern of numbers where each row repeats the row number that many times.,Coding,Pattern Programs
Write a program to print a hollow square pattern of stars for a given side length.,Coding,Pattern Programs
Write a program to print Pascal's triangle up to n rows by computing binomial coefficients iteratively.,Coding,Pattern Programs
Write a program to print a solid diamond pattern of asterisks for a given number of rows.,Coding,Pattern Programs
Write a program to print a number pattern where each row counts up from 1 to the row number and then back down to 1.,Coding,Pattern Programs
Write a program to print a right-angled triangle pattern using uppercase alphabet characters instead of numbers or stars.,Coding,Pattern Programs
Write a program to print a checkerboard pattern of X and O characters for an n by n grid.,Coding,Pattern Programs
Write a program to print an inverted pyramid pattern of stars for a given number of rows.,Coding,Pattern Programs
Write a program to print a spiral pattern of numbers filling an n by n matrix.,Coding,Pattern Programs
Write a program to print Floyd's triangle pattern using consecutive natural numbers.,Coding,Pattern Programs
Write a program to print a butterfly pattern of stars for a given number of rows.,Coding,Pattern Programs
Write a program to print a zigzag pattern of numbers arranged across multiple rows.,Coding,Pattern Programs
Write a program to print a hollow diamond pattern of stars for a given size.,Coding,Pattern Programs
Write a program to print a pattern where each row displays the Fibonacci sequence up to that row's length.,Coding,Pattern Programs
Write a program to print a number triangle where each row repeats a single number equal to its row index.,Coding,Pattern Programs
Write a program to print a pattern that alternates numbers and stars in each successive row.,Coding,Pattern Programs
Write a program to print a staircase pattern built from spaces and stars.,Coding,Pattern Programs
Write a program to print an hourglass pattern of stars for a given size.,Coding,Pattern Programs
Write a program to print a pattern forming the outline of a plus sign using stars within a fixed grid.,Coding,Pattern Programs
Write a program to print a triangle pattern where the numbers in each row increase diagonally.,Coding,Pattern Programs
Write a program to print a triangular pattern displaying prime numbers row by row.,Coding,Pattern Programs
"Write a program to print a pattern of concentric squares, using a different character for each layer.",Coding,Pattern Programs
Write a program to print a pattern where each row shows the binary representation of that row's number.,Coding,Pattern Programs
Write a program to print a pattern forming the letter A using stars within a fixed-size grid.,Coding,Pattern Programs
Write a program to print an alphabet pyramid pattern where each row contains letters up to that row's position in the alphabet.,Coding,Pattern Programs
Write a program to check whether a given integer is a power of 4 using bitwise operations.,Coding,Bit Manipulation
"Predict the output of the following code, which clears the rightmost set bit of a number using a bitwise AND trick.

int n = 12;
int result = n & (n - 1);",Coding,Bit Manipulation
Write a program to find the position of the only set bit in a number that is known to be a power of two.,Coding,Bit Manipulation
"What is the output of the following code, which swaps the two nibbles (4-bit halves) of a byte using bitwise shifts and masks?",Coding,Bit Manipulation
"Write a program to compute the Hamming distance between two integers, defined as the number of differing bits.",Coding,Bit Manipulation
"Predict the output of the following code, which isolates the rightmost set bit of a number using a two's-complement property.

int n = 10;
int result = n & (-n);",Coding,Bit Manipulation
Write a program to check whether two integers have opposite signs without using any comparison operators.,Coding,Bit Manipulation
"What is the output of the following code, which toggles the bit at a specified position of an integer using XOR?",Coding,Bit Manipulation
"Write a program to find the single element that does not repeat in an array where every other element appears exactly twice, using XOR.",Coding,Bit Manipulation
"Predict the output of the following code, which checks whether the nth bit of an integer is set using a bitmask.

int n = 5;
int pos = 1;
int result = (n >> pos) & 1;",Coding,Bit Manipulation
Write a program to compute the absolute value of an integer using bitwise operations instead of a conditional expression.,Coding,Bit Manipulation
"What is the output of the following code, which rotates the bits of an 8-bit number to the left by a given number of positions?",Coding,Bit Manipulation
"Write a program to find the maximum of two integers without using any comparison operators, relying purely on bitwise tricks.",Coding,Bit Manipulation
"Predict the output of the following code, which uses a bitmask to represent a subset of a small collection of items.",Coding,Bit Manipulation
Write a program to multiply and divide a number by two using only bitwise shift operators.,Coding,Bit Manipulation
"What is the output of the following code, which sets, clears, and checks a specific bit position within a loop across several positions?",Coding,Bit Manipulation
Write a program to generate all subsets of a set using bitmasking instead of recursion.,Coding,Bit Manipulation
"Predict the output of the following code, which computes the parity of an integer, meaning whether it has an even or odd number of set bits.",Coding,Bit Manipulation
Write a program to convert an integer to its binary string representation using only bitwise operators and string concatenation.,Coding,Bit Manipulation
"What is the output of the following code, which computes the XOR of all numbers from 1 to n using a pattern-based shortcut instead of a loop?",Coding,Bit Manipulation
Write a program to determine whether the binary representation of a given number reads the same forwards and backwards.,Coding,Bit Manipulation
"Predict the output of the following code, which combines the bits of two integers using a mask to selectively merge a specific range of bits.",Coding,Bit Manipulation
"Write a program to find the two elements that do not repeat in an array where every other element appears exactly twice, using XOR followed by bit isolation.",Coding,Bit Manipulation
"What is the output of the following code, comparing an arithmetic right shift with a logical right shift when applied to a negative number?",Coding,Bit Manipulation
"Write a program to check whether all bits of a given positive integer are set, meaning the number is of the form 2^k minus 1.",Coding,Bit Manipulation
What distinguishes a class definition from an object instance in memory?,OOP,Classes and Objects
How does a class act as a blueprint while an object represents a concrete instantiation?,OOP,Classes and Objects
"In a library management system, what state and behavior would you assign to a Book class versus a Library class?",OOP,Classes and Objects
Why might two objects of the same class hold different values for their instance variables?,OOP,Classes and Objects
What happens to an object's instance variables when a new object of the same class is created?,OOP,Classes and Objects
How would you decide whether 'Engine' should be a separate class rather than a field inside 'Car'?,OOP,Classes and Objects
Consider an Employee class with a static counter field. What does this field represent across all Employee objects?,OOP,Classes and Objects
Why is it usually considered poor design to expose all fields of a class directly instead of grouping related behavior?,OOP,Classes and Objects
"If an object is passed to a function by reference, what implications does that have for modifying the object's state?",OOP,Classes and Objects
How does object identity differ from object equality in an object-oriented language?,OOP,Classes and Objects
"In a shopping cart system, why would you model each cart item as its own object rather than storing raw values in arrays?",OOP,Classes and Objects
What role do instance methods play in defining the behavior shared by every object of a class?,OOP,Classes and Objects
"Why can a class contain both data members and behavior, unlike a plain data structure?",OOP,Classes and Objects
"How would you represent a real-world Vehicle entity as a class, and what would justify each chosen attribute?",OOP,Classes and Objects
What is the significance of a class having no instantiated objects yet still being usable in a program?,OOP,Classes and Objects
"Two variables reference the same underlying object. How does modifying the object through one variable affect the other, and why?",OOP,Classes and Objects
Why does encapsulation reduce unintended modification of an object's internal state?,OOP,Encapsulation
How would you redesign a BankAccount class whose balance field is public to properly enforce encapsulation?,OOP,Encapsulation
What risk arises when a class exposes a mutable list field directly through a getter without copying it?,OOP,Encapsulation
Why is it considered good practice to validate input inside a setter method rather than trusting the caller?,OOP,Encapsulation
"In a hospital system, why would you hide a Patient's medical record fields behind controlled access methods?",OOP,Encapsulation
How does encapsulation support the ability to change a class's internal implementation without breaking external code?,OOP,Encapsulation
What is the difference between merely hiding fields as private and truly encapsulating behavior?,OOP,Encapsulation
Consider a class exposing both a getter and setter for every field. In what sense might this still violate encapsulation's intent?,OOP,Encapsulation
Why might exposing an internal counter as read-only be preferable to exposing it as both readable and writable?,OOP,Encapsulation
How can encapsulation help enforce invariants that must hold true across a class's entire lifetime?,OOP,Encapsulation
"In a payment system, why would you avoid letting external classes directly modify the transaction status field?",OOP,Encapsulation
What problems could occur in a large codebase where every class field is declared public?,OOP,Encapsulation
Why does grouping related data and behavior inside a class support encapsulation more than storing scattered global variables?,OOP,Encapsulation
How would encapsulation change your approach to exposing an internal cache used by a class for performance reasons?,OOP,Encapsulation
"If a class returns a direct reference to its internal array, what encapsulation guarantee has effectively been broken?",OOP,Encapsulation
Why do some languages encourage returning immutable copies of internal collections rather than the collections themselves?,OOP,Encapsulation
"How does abstraction differ from encapsulation, even though both involve hiding details?",OOP,Abstraction
Why would a Shape class expose a calculateArea method without specifying how each subtype computes it?,OOP,Abstraction
"In a notification system, how does abstraction let you send a message without knowing whether it is SMS, email, or push?",OOP,Abstraction
What is the benefit of programming against an abstract PaymentProcessor rather than a concrete CreditCardProcessor?,OOP,Abstraction
How does abstraction support reducing cognitive load when working with complex subsystems?,OOP,Abstraction
Why might a file system API abstract away whether a file resides on disk or in the cloud?,OOP,Abstraction
Consider a Vehicle class hierarchy. What details should remain abstracted at the base level versus specified in subclasses?,OOP,Abstraction
How does abstraction help decouple client code from the specific algorithm used inside a method?,OOP,Abstraction
Why is exposing only essential operations through an interface considered a form of abstraction?,OOP,Abstraction
"In a logging system, how would abstraction allow swapping the underlying log storage without changing calling code?",OOP,Abstraction
What distinguishes abstraction achieved through abstract classes from abstraction achieved through interfaces?,OOP,Abstraction
Why does over-abstracting a simple system sometimes introduce unnecessary complexity?,OOP,Abstraction
How would you abstract the concept of employee compensation across salaried and hourly workers?,OOP,Abstraction
Why is a database connection often exposed through an abstracted interface rather than a vendor-specific class?,OOP,Abstraction
"In a game engine, how does abstracting GameObject behavior simplify handling many different entity types uniformly?",OOP,Abstraction
What tradeoffs exist between designing a highly abstracted system and one that is simpler but less flexible?,OOP,Abstraction
How can inheritance be used to extend a base class's behavior without duplicating its code?,OOP,Inheritance
Why might inheriting from a concrete class lead to fragile coupling between a subclass and its parent's implementation?,OOP,Inheritance
"In a vehicle system, when would modeling ElectricCar as inheriting from Car become inappropriate?",OOP,Inheritance
What happens when a subclass does not override a method defined in its superclass?,OOP,Inheritance
"How does inheritance support the is-a relationship, and what happens when that relationship doesn't truly hold?",OOP,Inheritance
Consider a class hierarchy where Manager inherits from Employee. What fields or methods would naturally belong only to Manager?,OOP,Inheritance
Why can deep inheritance chains make a codebase harder to maintain over time?,OOP,Inheritance
What is the effect of a subclass constructor not explicitly calling its superclass constructor?,OOP,Inheritance
How would you decide between inheritance and composition when designing a Notification and EmailNotification relationship?,OOP,Inheritance
"Why might inheriting behavior for code reuse alone, without a true is-a relationship, be considered misuse of inheritance?",OOP,Inheritance
"In an e-commerce system, why would DigitalProduct and PhysicalProduct both inheriting from Product make sense?",OOP,Inheritance
What problems can arise when a subclass overrides a superclass method but changes its expected behavior significantly?,OOP,Inheritance
How does inheritance interact with access modifiers when a subclass tries to access a private field of its parent?,OOP,Inheritance
"Why does the fragile base class problem occur, and how does inheritance contribute to it?",OOP,Inheritance
"In a hospital system, would Nurse and Doctor both inheriting from Staff make behavioral sense, and why?",OOP,Inheritance
What is the outcome when a subclass instance is assigned to a variable of the superclass type?,OOP,Inheritance
How would you refactor a rigid inheritance hierarchy that has grown too specific over several subclass levels?,OOP,Inheritance
Why might a shape hierarchy with Circle and Square inheriting from Shape run into trouble if Square must also behave like a Rectangle?,OOP,Inheritance
How does inheriting from multiple unrelated base classes increase the risk of ambiguous behavior?,OOP,Inheritance
A payment system supports multiple payment types. How could polymorphism help avoid a large chain of conditional statements?,OOP,Polymorphism
Consider a base class reference pointing to a derived class object. Which implementation runs when an overridden method is called?,OOP,Polymorphism
How does polymorphism allow a single interface to represent different underlying implementations?,OOP,Polymorphism
Why does calling a method through a superclass reference still invoke the subclass's overridden version at runtime?,OOP,Polymorphism
"In a notification system, how would polymorphism let you treat EmailNotification and SMSNotification uniformly?",OOP,Polymorphism
What distinguishes compile-time polymorphism from runtime polymorphism?,OOP,Polymorphism
How would a shape-drawing application benefit from polymorphic behavior when calculating area for different shapes?,OOP,Polymorphism
Why is polymorphism considered essential for implementing plugin-like or extensible systems?,OOP,Polymorphism
Consider an array of Animal objects containing both Dog and Cat instances. What happens when makeSound is called on each?,OOP,Polymorphism
How does polymorphism support the Open/Closed Principle when adding new behavior to a system?,OOP,Polymorphism
"In a game, why would treating all enemies polymorphically through a common Enemy interface simplify the update loop?",OOP,Polymorphism
What risk arises if a method relies on checking an object's concrete type instead of using polymorphism?,OOP,Polymorphism
How does polymorphism differ when achieved through interfaces versus through abstract classes?,OOP,Polymorphism
Why would a logging framework use polymorphism to support multiple output destinations without modifying existing code?,OOP,Polymorphism
Consider a function that accepts a Shape parameter and calls area() on it. Why does this design remain unaffected by adding new shape types?,OOP,Polymorphism
How does polymorphism enable a collection to store heterogeneous objects that share a common supertype?,OOP,Polymorphism
Why might excessive reliance on type-checking instead of polymorphism indicate a design smell?,OOP,Polymorphism
"In a payroll system, how could polymorphism handle differing salary calculations for FullTimeEmployee and Contractor?",OOP,Polymorphism
What is the relationship between dynamic method dispatch and polymorphism in object-oriented languages?,OOP,Polymorphism
How does method overloading allow a class to expose multiple ways to perform a conceptually similar operation?,OOP,Method Overloading
Why can two overloaded methods not differ only in return type?,OOP,Method Overloading
"In a Calculator class, why might you overload an add method to accept integers, doubles, and multiple parameters?",OOP,Method Overloading
What role does the compiler play in resolving which overloaded method to invoke?,OOP,Method Overloading
Why is overloading considered a form of compile-time polymorphism?,OOP,Method Overloading
Consider a constructor overloaded with different parameter lists. What design goal does this typically serve?,OOP,Method Overloading
How would ambiguous overloaded method calls arise when passing null as an argument?,OOP,Method Overloading
Why might overloading a method based on parameter order rather than meaning lead to confusing APIs?,OOP,Method Overloading
"In a Logger class, how could overloading the log method support different levels of detail without renaming methods?",OOP,Method Overloading
What happens if two overloaded methods have parameter types that are both compatible with a given argument through implicit conversion?,OOP,Method Overloading
"Why does overloading rely on differences in parameter type, count, or order rather than method names?",OOP,Method Overloading
How would you overload a print method in a Shape class to support printing with or without additional formatting?,OOP,Method Overloading
Why is overloading generally resolved statically rather than depending on the object's runtime type?,OOP,Method Overloading
Consider a class with both draw(Circle) and draw(Shape) methods. What determines which gets called when passing a Circle object?,OOP,Method Overloading
Why might excessive method overloading in a single class reduce code readability rather than improve flexibility?,OOP,Method Overloading
What is the difference between method overloading and method overriding?,OOP,Method Overriding
Why must an overriding method maintain a compatible signature with the method it overrides?,OOP,Method Overriding
"In a Shape hierarchy, why would overriding calculateArea in each subclass be necessary rather than optional?",OOP,Method Overriding
What happens when a subclass overrides a method but also wants to reuse part of the superclass's implementation?,OOP,Method Overriding
Why does overriding depend on runtime type rather than the reference type used to call the method?,OOP,Method Overriding
Consider a subclass that accidentally changes the return type of an overridden method. What issue does this cause?,OOP,Method Overriding
How does access modifier visibility restrict what can be done when overriding a method?,OOP,Method Overriding
Why might overriding equals() without also overriding hashCode() cause subtle bugs in collections?,OOP,Method Overriding
"In an Employee hierarchy, how would overriding calculateBonus in Manager change behavior compared to the base Employee class?",OOP,Method Overriding
What is the purpose of explicitly marking a method as overriding in languages that support such annotations?,OOP,Method Overriding
Why can a private method not be overridden by a subclass?,OOP,Method Overriding
Consider a method overridden to throw a broader exception than the original. Why might this be disallowed or discouraged?,OOP,Method Overriding
How does overriding support runtime polymorphism when combined with dynamic binding?,OOP,Method Overriding
Why would overriding toString() in a custom class improve debugging and logging output?,OOP,Method Overriding
What happens if a subclass overrides a method but it never gets invoked because the object is accessed through a static type check?,OOP,Method Overriding
"In a notification system, how would overriding a send method in each notification subtype change actual delivery behavior?",OOP,Method Overriding
Why does a constructor exist to establish an object's initial valid state rather than relying on a default state?,OOP,Constructors
What happens when a class defines no constructor explicitly?,OOP,Constructors
How does constructor overloading provide flexibility when creating objects with different initial data?,OOP,Constructors
Why might a class expose only a parameterized constructor and remove the default one entirely?,OOP,Constructors
"In an Employee class, what fields would typically be required through the constructor versus set later via setters?",OOP,Constructors
What role does a copy constructor play when duplicating an object's state?,OOP,Constructors
Why does chaining constructors within the same class help avoid duplicated initialization logic?,OOP,Constructors
How does calling a superclass constructor from a subclass constructor affect the initialization order?,OOP,Constructors
Why can a constructor not be inherited the way regular methods are?,OOP,Constructors
Consider a class whose constructor throws an exception. What state does the partially constructed object end up in?,OOP,Constructors
Why might a private constructor be used deliberately in certain design patterns?,OOP,Constructors
How would a Builder pattern reduce the need for constructors with many overloaded parameter combinations?,OOP,Constructors
What is the significance of final fields that can only be assigned inside a constructor?,OOP,Constructors
Why does static initialization differ from constructor-based initialization in terms of when it runs?,OOP,Constructors
"In a Vehicle class, how would you structure constructors to enforce that certain attributes cannot be left unset?",OOP,Constructors
What problems arise when a constructor performs heavy computation or external calls instead of simple initialization?,OOP,Constructors
Why do languages with garbage collection typically not require explicit destructors?,OOP,Destructors / Object Lifetime
What is the purpose of a destructor in a language like C++ that lacks automatic garbage collection?,OOP,Destructors / Object Lifetime
How does an object's lifetime differ between stack allocation and heap allocation?,OOP,Destructors / Object Lifetime
Why might relying on a destructor to release a file handle be risky if an exception occurs earlier?,OOP,Destructors / Object Lifetime
"What role does a finalizer play in managed languages, and why is it generally discouraged for critical cleanup?",OOP,Destructors / Object Lifetime
"In a database connection class, why would explicit resource-release methods be preferred over relying solely on destructors?",OOP,Destructors / Object Lifetime
How does reference counting influence when an object's destructor gets called?,OOP,Destructors / Object Lifetime
Why can circular references between objects delay or prevent garbage collection from reclaiming memory?,OOP,Destructors / Object Lifetime
What happens to an object's resources if its destructor is never invoked due to abnormal program termination?,OOP,Destructors / Object Lifetime
How does the RAII idiom in C++ tie resource management to object lifetime and destructors?,OOP,Destructors / Object Lifetime
Why might a class needing both a constructor and a destructor also require careful handling of copy semantics?,OOP,Destructors / Object Lifetime
"In a logging system, why would flushing buffered logs in a destructor be considered unreliable?",OOP,Destructors / Object Lifetime
What is the difference between deterministic destruction and non-deterministic garbage collection in terms of resource cleanup timing?,OOP,Destructors / Object Lifetime
"Why does calling a destructor manually, in languages that allow it, risk leaving an object in an inconsistent state if used again?",OOP,Destructors / Object Lifetime
How would you design a class managing a network socket to ensure proper cleanup regardless of destructor timing?,OOP,Destructors / Object Lifetime
Why does marking a field as private rather than public support better encapsulation?,OOP,Access Modifiers
What distinguishes protected access from private access in terms of subclass visibility?,OOP,Access Modifiers
"In a Vehicle base class, why might certain fields be protected rather than private if subclasses need direct access?",OOP,Access Modifiers
How does package-private (default) access in Java differ from both private and protected access?,OOP,Access Modifiers
Why might a class expose a public interface while keeping all implementation details private?,OOP,Access Modifiers
Consider a subclass in a different package trying to access a protected superclass field. What determines whether this succeeds?,OOP,Access Modifiers
Why is it generally discouraged to make instance variables public even when a getter would return the same value?,OOP,Access Modifiers
How do access modifiers on constructors affect who can create instances of a class?,OOP,Access Modifiers
What design intent is signaled when a method is marked private compared to marked public?,OOP,Access Modifiers
Why would you use internal or module-level visibility instead of full public access for a utility class?,OOP,Access Modifiers
"In a Shape hierarchy, why might calculateArea be public while an internal helper computation method is private?",OOP,Access Modifiers
"How do access modifiers interact with interfaces, where methods are often implicitly public?",OOP,Access Modifiers
Why does over-restricting access modifiers sometimes force awkward workarounds in subclasses?,OOP,Access Modifiers
Consider a static field marked private but exposed through a public static getter. What benefit does this provide over a public static field?,OOP,Access Modifiers
Why would a factory method be declared public while the constructor it calls is declared private?,OOP,Access Modifiers
Why does Java rely on interfaces to support a form of multiple inheritance for behavior?,OOP,Interfaces
How does an interface differ from an abstract class in terms of state and shared implementation?,OOP,Interfaces
"In a payment system, why would defining a PaymentMethod interface improve extensibility for future payment types?",OOP,Interfaces
What happens when a class implements an interface but fails to provide an implementation for one of its methods?,OOP,Interfaces
Why might default methods in an interface blur the traditional distinction between interfaces and abstract classes?,OOP,Interfaces
How does programming to an interface rather than a concrete class support loose coupling?,OOP,Interfaces
Consider a class implementing two interfaces that both declare a method with the same signature. What issue could this cause?,OOP,Interfaces
Why would a Drawable interface be preferable to inheritance when Circle and Button both need drawing behavior?,OOP,Interfaces
What role do interfaces play in enabling dependency injection within a system?,OOP,Interfaces
Why can an interface not typically contain constructors?,OOP,Interfaces
"In a notification system, how would a Notifiable interface let unrelated classes share common behavior without a shared base class?",OOP,Interfaces
How does an interface support designing a system around contracts rather than concrete implementations?,OOP,Interfaces
Why might a marker interface with no methods still serve a meaningful purpose?,OOP,Interfaces
Consider a class implementing an interface with many methods it does not need. What design problem does this indicate?,OOP,Interfaces
How does interface segregation relate to keeping interfaces small and focused?,OOP,Interfaces
Why would a Comparable interface be implemented on a custom class to support sorting?,OOP,Interfaces
Why would you choose an abstract class over an interface when some default behavior needs to be shared?,OOP,Abstract Classes
What happens when a class extends an abstract class but does not implement all its abstract methods?,OOP,Abstract Classes
Why can an abstract class have constructors even though it cannot be instantiated directly?,OOP,Abstract Classes
"In a Shape hierarchy, why might an abstract class provide a common perimeter calculation while leaving area calculation abstract?",OOP,Abstract Classes
How does an abstract class differ from a fully concrete base class in terms of design intent?,OOP,Abstract Classes
Why might a template method pattern rely on an abstract class defining the overall algorithm structure?,OOP,Abstract Classes
Consider an abstract class with both abstract and concrete methods. What determines which methods subclasses must override?,OOP,Abstract Classes
Why would declaring a class abstract prevent accidental instantiation of an incomplete concept?,OOP,Abstract Classes
How does an abstract class support partial implementation while still enforcing certain behaviors in subclasses?,OOP,Abstract Classes
"In an Employee hierarchy, why might Employee be abstract while Manager and Developer remain concrete?",OOP,Abstract Classes
Why can an abstract method not have a method body?,OOP,Abstract Classes
What design signal does making a class abstract send to other developers using the codebase?,OOP,Abstract Classes
How would you decide between an abstract class and a plain concrete class with optional method overriding?,OOP,Abstract Classes
Why might an abstract class be used to avoid duplicating shared field initialization across multiple subclasses?,OOP,Abstract Classes
Consider a system where AbstractVehicle defines a startEngine method used by all subclasses. Why is this appropriate for an abstract class?,OOP,Abstract Classes
How does the inability to instantiate an abstract class reinforce its role as an incomplete blueprint?,OOP,Abstract Classes
Why does a static field belong to the class rather than to any individual object?,OOP,Static Members
How would a static counter field in an Employee class be used to track the total number of employees created?,OOP,Static Members
Why can a static method not access instance variables directly?,OOP,Static Members
What happens to the value of a static field when it's modified through one object reference?,OOP,Static Members
"Why might utility methods, such as mathematical calculations, be implemented as static methods?",OOP,Static Members
"In a Singleton implementation, why is the single instance often stored as a static field?",OOP,Static Members
How does static initialization order matter when multiple static fields depend on each other?,OOP,Static Members
Why would a static factory method be preferred over a public constructor in certain designs?,OOP,Static Members
Consider a static method that internally modifies a static field. What concurrency risks could this introduce?,OOP,Static Members
"Why can static members not be overridden the same way instance methods can, even though they can be hidden?",OOP,Static Members
How does calling a static method through an instance versus through the class name affect its behavior?,OOP,Static Members
"In a Logger utility class, why might all methods be static rather than requiring an instance?",OOP,Static Members
Why does excessive reliance on static state throughout a codebase make unit testing more difficult?,OOP,Static Members
"What is the effect of declaring a static block in a class, and when does it execute?",OOP,Static Members
Why might static members be inappropriate for representing per-object configuration data?,OOP,Static Members
Why would marking a class as final prevent it from being extended by any subclass?,OOP,Final / Sealed Concepts
How does declaring a method final protect the correctness of behavior in a class hierarchy?,OOP,Final / Sealed Concepts
"In a security-sensitive class, why might making the entire class final be a deliberate design decision?",OOP,Final / Sealed Concepts
What happens if a subclass attempts to override a final method?,OOP,Final / Sealed Concepts
"Why does declaring a field final ensure it can only be assigned once, typically inside a constructor?",OOP,Final / Sealed Concepts
Consider a class hierarchy where a base method is not marked final. What risk arises if subclasses override it incorrectly?,OOP,Final / Sealed Concepts
Why might sealing a class hierarchy in languages that support it improve exhaustiveness checks in pattern matching?,OOP,Final / Sealed Concepts
How does making a class final affect its usability with certain frameworks that rely on subclassing for proxies?,OOP,Final / Sealed Concepts
Why would a constant value be declared using a final field rather than a plain variable?,OOP,Final / Sealed Concepts
"In an immutable Point class, why would every field be declared final?",OOP,Final / Sealed Concepts
What tradeoff exists between designing a class to be extensible and marking it final for safety?,OOP,Final / Sealed Concepts
Why might a library author mark internal helper classes as final to prevent external subclassing?,OOP,Final / Sealed Concepts
Consider a final method inherited from a superclass. Can a subclass overload it with a different signature?,OOP,Final / Sealed Concepts
Why does combining final fields with a well-defined constructor support building immutable objects?,OOP,Final / Sealed Concepts
What defines an association relationship between two classes that are otherwise independent?,OOP,Association
"In a Library system, how would you model the association between a Student and a Book they have borrowed?",OOP,Association
Why is association considered the most general form of relationship among objects?,OOP,Association
How does a bidirectional association differ from a unidirectional association between two classes?,OOP,Association
Consider a Teacher class and a Student class that reference each other. What kind of association does this represent?,OOP,Association
Why might an association between Doctor and Patient in a hospital system not imply ownership of either object?,OOP,Association
"How would you represent a many-to-many association, such as Students enrolling in multiple Courses?",OOP,Association
Why does association typically not involve one object controlling the lifecycle of another?,OOP,Association
"In a ride-sharing system, how would you model the association between a Driver and a Trip?",OOP,Association
What distinguishes association from aggregation when two objects are merely linked without ownership implications?,OOP,Association
Why might an association be implemented as a simple reference field rather than a collection?,OOP,Association
Consider a Customer class that references an Order class. Why does this qualify as an association rather than composition?,OOP,Association
How would removing one object in an association typically affect the other object's existence?,OOP,Association
"Why is understanding association important before deciding whether a stronger relationship, like aggregation, applies?",OOP,Association
How does aggregation represent a has-a relationship where the contained object can exist independently?,OOP,Aggregation
"In a University system, why would the relationship between a Department and its Professors be modeled as aggregation?",OOP,Aggregation
What distinguishes aggregation from composition in terms of object lifetime?,OOP,Aggregation
Why might a Team class aggregate Player objects rather than compose them?,OOP,Aggregation
Consider a Library aggregating Book objects. What happens to the Book objects if the Library object is destroyed?,OOP,Aggregation
Why is aggregation often depicted with a hollow diamond in UML class diagrams?,OOP,Aggregation
How would you decide whether Employee belongs to a Department through aggregation rather than composition?,OOP,Aggregation
Why does aggregation allow a contained object to be shared across multiple container objects?,OOP,Aggregation
"In a Playlist and Song relationship, why would aggregation make more sense than composition?",OOP,Aggregation
"What risk arises if aggregation is mistakenly implemented as composition, tightly coupling object lifetimes?",OOP,Aggregation
Why might a Garage aggregate Car objects rather than own their entire lifecycle?,OOP,Aggregation
Consider a scenario where a Project aggregates Employee objects who also belong to other Projects. Why does this fit aggregation?,OOP,Aggregation
How does aggregation support flexible reuse of shared objects across different parts of a system?,OOP,Aggregation
Why is the whole-part relationship in aggregation considered weaker than in composition?,OOP,Aggregation
How does composition differ from inheritance when building complex object behavior?,OOP,Composition
Why would a Car class be composed of an Engine object rather than inheriting Engine's behavior?,OOP,Composition
"In a Human Resources system, why might Address be composed inside an Employee class rather than associated?",OOP,Composition
What happens to a composed object's lifecycle when the containing object is destroyed?,OOP,Composition
Why does composition favor has-a relationships over is-a relationships used by inheritance?,OOP,Composition
Consider a House class composed of Room objects. Why can these Room objects not meaningfully exist without the House?,OOP,Composition
Why is composition often preferred over inheritance to avoid fragile base class problems?,OOP,Composition
How would you refactor an inheritance-based Bird hierarchy that has issues with flightless species using composition instead?,OOP,Composition
"In a game engine, why might a Player object be composed of Health, Inventory, and Position components?",OOP,Composition
Why does composition make it easier to change behavior at runtime compared to a fixed inheritance hierarchy?,OOP,Composition
Consider a Computer class composed of a Processor and Memory. Why does this composition represent tight ownership?,OOP,Composition
Why is the phrase 'favor composition over inheritance' commonly cited in object-oriented design guidance?,OOP,Composition
"How does composition support building complex behavior from smaller, well-defined objects?",OOP,Composition
"In an Order class, why might it be composed of OrderItem objects rather than storing raw data in parallel arrays?",OOP,Composition
Why would composition make unit testing easier compared to a deeply nested inheritance hierarchy?,OOP,Composition
"Consider two designs, one using inheritance and one using composition, to add logging behavior to a class. What flexibility does composition offer that inheritance does not?",OOP,Composition
What defines a dependency relationship between two classes in object-oriented design?,OOP,Dependency
Why is a dependency considered the weakest form of relationship between classes?,OOP,Dependency
"In an OrderService class that calls methods on an EmailService parameter, what kind of relationship exists between them?",OOP,Dependency
How does a dependency differ from an association in terms of how long the relationship exists?,OOP,Dependency
Why might a class have a dependency on another class only within the scope of a single method?,OOP,Dependency
Consider a class that creates and immediately uses another class's object without storing it as a field. Why is this a dependency rather than an association?,OOP,Dependency
Why do tightly coupled dependencies between classes make a system harder to modify or test?,OOP,Dependency
How does depending on an interface rather than a concrete class reduce coupling in a dependency relationship?,OOP,Dependency
"In a NotificationService class, why might a temporary dependency on a Logger class arise only during a specific operation?",OOP,Dependency
Why does excessive dependency between unrelated classes indicate a need for architectural refactoring?,OOP,Dependency
Consider a class passed as a method parameter purely to perform a calculation. What kind of relationship does this typically represent?,OOP,Dependency
Why might dependency injection be used to manage dependencies rather than having classes instantiate them directly?,OOP,Dependency
How would you identify a hidden dependency in a class that internally constructs another class rather than receiving it externally?,OOP,Dependency
Why does reducing unnecessary dependencies between classes improve a system's overall maintainability?,OOP,Dependency
"How would you distinguish between association, aggregation, and composition when designing a class diagram?",OOP,Object Relationships
"In an e-commerce system, why would Customer, Order, and OrderItem require different types of relationships to model correctly?",OOP,Object Relationships
Why does choosing the wrong type of object relationship lead to incorrect assumptions about object lifetimes?,OOP,Object Relationships
Consider a Company and its Employees. Why would this relationship most likely be modeled as aggregation rather than composition?,OOP,Object Relationships
How do object relationships influence the design of constructors and factory methods in related classes?,OOP,Object Relationships
"Why might a Car and its Wheels represent composition, while a Car and its Driver represent association?",OOP,Object Relationships
"In a hospital system, how would you decide the relationship type between Hospital, Department, and Doctor?",OOP,Object Relationships
Why does understanding object relationships matter when deciding how deletion of one object should cascade to another?,OOP,Object Relationships
"Consider a Playlist referencing many Song objects that also appear in other Playlists. What relationship type fits best, and why?",OOP,Object Relationships
How would misidentifying a composition relationship as aggregation affect memory management in a language without garbage collection?,OOP,Object Relationships
Why might a Team and its Coach require a different relationship type than a Team and its Players?,OOP,Object Relationships
"In a File System, why would a Folder containing File objects likely represent composition rather than aggregation?",OOP,Object Relationships
How does the strength of an object relationship affect how tightly two classes are coupled in the codebase?,OOP,Object Relationships
Why is it useful to explicitly document relationship types when designing a multi-class object-oriented system?,OOP,Object Relationships
How does dynamic binding determine which method implementation executes at runtime rather than compile time?,OOP,Dynamic Binding
Why does dynamic binding depend on the actual object type rather than the declared reference type?,OOP,Dynamic Binding
"In a Shape hierarchy, how does dynamic binding ensure the correct area calculation runs for each subclass?",OOP,Dynamic Binding
What role does the virtual method table play in enabling dynamic binding in languages like C++?,OOP,Dynamic Binding
Why does dynamic binding typically apply to overridden methods but not to overloaded ones?,OOP,Dynamic Binding
Consider a base class reference holding a derived class object. Why does calling a method still invoke the derived implementation?,OOP,Dynamic Binding
How does dynamic binding support extensibility when adding new subclasses without modifying existing calling code?,OOP,Dynamic Binding
Why might dynamic binding introduce a small runtime performance cost compared to static binding?,OOP,Dynamic Binding
"In a payment processing system, how does dynamic binding allow new payment types to be added without changing existing logic?",OOP,Dynamic Binding
Why is dynamic binding considered essential for achieving true runtime polymorphism?,OOP,Dynamic Binding
Consider a private method accessed through a base class reference. Why is dynamic binding not applied in this case?,OOP,Dynamic Binding
"How does dynamic binding interact with constructors, which are not subject to the same runtime resolution?",OOP,Dynamic Binding
"Why would disabling dynamic binding, such as through method hiding, lead to unexpected behavior in a subclass?",OOP,Dynamic Binding
"In a notification system, how does dynamic binding allow the same send() call to trigger different delivery mechanisms?",OOP,Dynamic Binding
Why does dynamic binding require the language runtime to track an object's actual type information?,OOP,Dynamic Binding
How does static binding differ from dynamic binding in terms of when method resolution occurs?,OOP,Static Binding
Why are overloaded methods resolved using static binding rather than dynamic binding?,OOP,Static Binding
"In a class hierarchy, why does calling a static method through a subclass reference not exhibit polymorphic behavior?",OOP,Static Binding
What role does the compiler play in resolving calls that use static binding?,OOP,Static Binding
Why does static binding apply to private methods even when called through a polymorphic reference?,OOP,Static Binding
Consider a variable declared with a superclass type. Why does static binding affect which overloaded method gets selected?,OOP,Static Binding
Why is static binding generally faster than dynamic binding at runtime?,OOP,Static Binding
"In a Shape class hierarchy, why would a static method named createDefaultShape not participate in dynamic dispatch?",OOP,Static Binding
How does method hiding differ from method overriding in terms of static versus dynamic binding?,OOP,Static Binding
"Why does static binding apply to final methods, since they cannot be overridden?",OOP,Static Binding
Consider a field access through a base class reference pointing to a derived object. Why is field access typically resolved via static binding?,OOP,Static Binding
Why might relying on static binding for methods intended to be polymorphic cause subtle bugs?,OOP,Static Binding
How would you identify whether a given method call in code will be resolved statically or dynamically?,OOP,Static Binding
Why does constructor invocation always use static binding rather than dynamic binding?,OOP,Static Binding
Why does declaring a function virtual in C++ enable dynamic dispatch through base class pointers?,OOP,Virtual Functions
What happens when a base class function is not marked virtual but a derived class defines a function with the same signature?,OOP,Virtual Functions
Why is a virtual destructor necessary in a base class intended to be used polymorphically?,OOP,Virtual Functions
"In a Shape class hierarchy, why would declaring calculateArea as a pure virtual function force subclasses to implement it?",OOP,Virtual Functions
How does the virtual table (vtable) mechanism support runtime resolution of virtual function calls?,OOP,Virtual Functions
Why does calling a virtual function from within a constructor behave differently than expected in some languages?,OOP,Virtual Functions
Consider a class with a virtual function overridden in multiple derived classes. How does the runtime determine which version executes?,OOP,Virtual Functions
Why might failing to declare a base class destructor as virtual lead to resource leaks in a polymorphic hierarchy?,OOP,Virtual Functions
How does a pure virtual function differ from a regular virtual function in terms of whether the base class can be instantiated?,OOP,Virtual Functions
Why would you mark a function as virtual only if you expect it to be overridden in the future?,OOP,Virtual Functions
"In an interface-like C++ design, why might a class consist entirely of pure virtual functions?",OOP,Virtual Functions
Consider a performance-critical application. Why might excessive use of virtual functions introduce overhead?,OOP,Virtual Functions
Why does overriding a virtual function require matching its signature exactly in most languages?,OOP,Virtual Functions
How does the override keyword in some languages help catch mistakes when working with virtual functions?,OOP,Virtual Functions
Why would a non-virtual function called through a base class pointer not exhibit polymorphic behavior?,OOP,Virtual Functions
Why does multiple inheritance allow a class to inherit behavior from more than one base class?,OOP,Multiple Inheritance
"What is the diamond problem, and why does it arise specifically in multiple inheritance?",OOP,Multiple Inheritance
Why does Java avoid multiple inheritance of classes but still allow multiple inheritance of interfaces?,OOP,Multiple Inheritance
Consider a class inheriting from two base classes that both define a method with the same name. What ambiguity results?,OOP,Multiple Inheritance
How does C++ resolve the diamond problem through virtual inheritance?,OOP,Multiple Inheritance
Why might multiple inheritance make a class hierarchy significantly harder to reason about?,OOP,Multiple Inheritance
"In a design combining Flyable and Swimmable behaviors, why might interfaces be safer than multiple class inheritance?",OOP,Multiple Inheritance
Why does multiple inheritance increase the risk of unintended coupling between unrelated base classes?,OOP,Multiple Inheritance
Consider a language without multiple class inheritance. How would composition help achieve a similar effect safely?,OOP,Multiple Inheritance
Why might mixins offer some benefits of multiple inheritance while avoiding its pitfalls?,OOP,Multiple Inheritance
How does multiple inheritance complicate constructor chaining compared to single inheritance?,OOP,Multiple Inheritance
Why do some languages allow multiple inheritance only for interfaces with default methods and not for stateful classes?,OOP,Multiple Inheritance
Consider a Duck class inheriting from both Bird and Swimmer. Why might method resolution order matter here?,OOP,Multiple Inheritance
Why does multiple inheritance make it harder to determine which base class a particular method actually comes from?,OOP,Multiple Inheritance
How would you redesign a multiple-inheritance-based hierarchy using composition to avoid ambiguity issues?,OOP,Multiple Inheritance
Why does the Single Responsibility Principle suggest that a class should have only one reason to change?,OOP,SOLID Principles
Consider a class that both calculates employee pay and generates pay slip reports. Why might this violate the Single Responsibility Principle?,OOP,SOLID Principles
How does the Open/Closed Principle encourage extending behavior without modifying existing code?,OOP,SOLID Principles
Why would adding a new shape type to a system violate the Open/Closed Principle if it requires editing an existing area-calculation method?,OOP,SOLID Principles
What does the Liskov Substitution Principle require about substituting a subclass for its base class?,OOP,SOLID Principles
Consider a Square class inheriting from Rectangle. Why might this violate the Liskov Substitution Principle?,OOP,SOLID Principles
How does the Interface Segregation Principle discourage forcing classes to implement methods they do not need?,OOP,SOLID Principles
Why might a large Worker interface with both work() and eat() methods cause problems for a Robot class implementing it?,OOP,SOLID Principles
What does the Dependency Inversion Principle suggest about how high-level modules should depend on low-level modules?,OOP,SOLID Principles
Why does depending on abstractions rather than concrete implementations support the Dependency Inversion Principle?,OOP,SOLID Principles
Consider a NotificationService class directly instantiating an EmailSender. How would applying Dependency Inversion change this design?,OOP,SOLID Principles
Why is violating the Single Responsibility Principle often a precursor to violating the Open/Closed Principle as well?,OOP,SOLID Principles
How would you refactor a class violating the Liskov Substitution Principle without breaking existing client code?,OOP,SOLID Principles
"Why does the Interface Segregation Principle often lead to designing several small, focused interfaces instead of one large interface?",OOP,SOLID Principles
Consider a payment system where adding a new payment method requires modifying an existing switch statement. Which SOLID principle does this violate?,OOP,SOLID Principles
Why might strict adherence to SOLID principles sometimes increase the number of classes and interfaces in a system?,OOP,SOLID Principles
How does the Single Responsibility Principle relate to the broader concept of high cohesion within a class?,OOP,SOLID Principles
Why would a class that throws an exception for a method inherited from its base class likely violate the Liskov Substitution Principle?,OOP,SOLID Principles
Consider a reporting module tightly coupled to a specific database implementation. How would Dependency Inversion improve this design?,OOP,SOLID Principles
Why does following the Open/Closed Principle often rely on polymorphism and abstraction working together?,OOP,SOLID Principles
How would you evaluate whether a given class design in an e-commerce system satisfies all five SOLID principles?,OOP,SOLID Principles
Why is low coupling generally considered desirable between classes in an object-oriented system?,OOP,Coupling and Cohesion
What distinguishes high cohesion within a class from low cohesion?,OOP,Coupling and Cohesion
"Consider a class that handles user authentication, logging, and email notifications. Why does this indicate low cohesion?",OOP,Coupling and Cohesion
How does tight coupling between two classes make one class's changes more likely to break the other?,OOP,Coupling and Cohesion
Why does depending on interfaces rather than concrete classes typically reduce coupling?,OOP,Coupling and Cohesion
"In a well-designed OrderService class, what would high cohesion look like in terms of its methods and responsibilities?",OOP,Coupling and Cohesion
Why might reducing coupling between modules come at the cost of increased indirection?,OOP,Coupling and Cohesion
Consider two classes that frequently access each other's private implementation details. What coupling problem does this represent?,OOP,Coupling and Cohesion
How does the Single Responsibility Principle relate directly to achieving high cohesion?,OOP,Coupling and Cohesion
Why does loosely coupled code tend to be easier to unit test in isolation?,OOP,Coupling and Cohesion
"In a notification system, how would tightly coupling NotificationService directly to EmailSender limit future extensibility?",OOP,Coupling and Cohesion
Why might a class with many unrelated public methods be considered to have low cohesion?,OOP,Coupling and Cohesion
How would you measure whether a refactor has actually improved cohesion within a class?,OOP,Coupling and Cohesion
Why does high coupling between UI code and business logic make a system harder to maintain?,OOP,Coupling and Cohesion
Consider a system where every class directly depends on a shared global object. Why does this represent problematic coupling?,OOP,Coupling and Cohesion
How would you design a class hierarchy for a Library system that supports both physical and digital books?,OOP,Object-Oriented Design
Why does good object-oriented design favor identifying responsibilities before deciding on inheritance versus composition?,OOP,Object-Oriented Design
"In a Shopping Cart system, how would you design classes to handle discounts without hardcoding pricing logic?",OOP,Object-Oriented Design
"Why does designing for change, rather than for the current requirements alone, matter in object-oriented systems?",OOP,Object-Oriented Design
Consider designing a Parking Lot system. What classes and relationships would you introduce to handle different vehicle types?,OOP,Object-Oriented Design
"How would you design a Hospital Management system to cleanly separate Patient, Doctor, and Appointment responsibilities?",OOP,Object-Oriented Design
Why might premature use of design patterns lead to overengineering a relatively simple object-oriented system?,OOP,Object-Oriented Design
"In a Food Delivery system, how would you model the relationship between Restaurant, MenuItem, and Order?",OOP,Object-Oriented Design
"Why does designing small, well-defined classes typically lead to more maintainable object-oriented systems than a few large classes?",OOP,Object-Oriented Design
Consider a Vehicle Rental system. How would you design it to support adding new vehicle types without modifying core rental logic?,OOP,Object-Oriented Design
Why is identifying the right abstractions often considered harder than writing the actual implementation code?,OOP,Object-Oriented Design
"In an Authentication system, how would you design classes to support multiple login methods, such as password and OAuth?",OOP,Object-Oriented Design
Why does designing for testability often align naturally with good object-oriented design practices?,OOP,Object-Oriented Design
Consider a Logging system used across multiple modules. How would you design it to remain flexible for future output formats?,OOP,Object-Oriented Design
Why might a poorly designed class hierarchy in a Game Object system make adding new enemy types increasingly difficult?,OOP,Object-Oriented Design
"How would you approach designing an Employee Management system to handle full-time, part-time, and contract employees uniformly?",OOP,Object-Oriented Design
Why does object-oriented design encourage modeling real-world entities as objects rather than as isolated functions and data?,OOP,Object-Oriented Design
"Consider a Notification system supporting Email, SMS, and Push. How would you design it so adding a new channel requires minimal changes?",OOP,Object-Oriented Design
Why do design patterns represent proven solutions to recurring object-oriented design problems rather than rigid rules?,OOP,Design Patterns
How does the Strategy pattern help avoid large conditional statements when selecting between algorithms at runtime?,OOP,Design Patterns
Consider a system needing to notify multiple parts of an application when state changes. Which design pattern fits this scenario best?,OOP,Design Patterns
Why might the Decorator pattern be preferable to subclassing when adding optional behavior to an object?,OOP,Design Patterns
How does the Adapter pattern allow incompatible interfaces to work together without modifying existing code?,OOP,Design Patterns
Consider a complex object construction process with many optional parameters. Which design pattern addresses this cleanly?,OOP,Design Patterns
"Why does the Command pattern encapsulate a request as an object, and what benefit does this provide?",OOP,Design Patterns
How would the Template Method pattern be used to define a fixed algorithm structure while allowing steps to vary?,OOP,Design Patterns
Why might overusing design patterns in a simple system add unnecessary complexity rather than clarity?,OOP,Design Patterns
Consider a system that needs to traverse a collection without exposing its underlying structure. Which pattern addresses this?,OOP,Design Patterns
How does the Facade pattern simplify interaction with a complex subsystem for client code?,OOP,Design Patterns
Why would the State pattern be preferred over a large set of conditional statements for objects with complex state-dependent behavior?,OOP,Design Patterns
"Consider a caching system requiring only one shared instance across an application. Which pattern fits, and what risks does it introduce?",OOP,Design Patterns
How does the Proxy pattern control access to another object without changing its interface?,OOP,Design Patterns
Why might recognizing the underlying problem be more valuable than memorizing pattern names when applying design patterns?,OOP,Design Patterns
Consider a plugin architecture where new algorithms should be added without modifying existing client code. Which pattern supports this best?,OOP,Design Patterns
Why does the Singleton pattern ensure that only one instance of a class exists throughout an application's lifetime?,OOP,Singleton Pattern
How would you implement a thread-safe Singleton in a multithreaded environment?,OOP,Singleton Pattern
Why might a private constructor be essential to correctly implementing the Singleton pattern?,OOP,Singleton Pattern
Consider a Logger class implemented as a Singleton. What benefit does this provide compared to creating a new Logger for each use?,OOP,Singleton Pattern
Why is lazy initialization sometimes preferred over eager initialization when implementing a Singleton?,OOP,Singleton Pattern
What problems can arise from overusing the Singleton pattern throughout a large codebase?,OOP,Singleton Pattern
How does the Singleton pattern make unit testing more difficult due to global shared state?,OOP,Singleton Pattern
Consider a Singleton class accessed simultaneously by multiple threads without synchronization. What race condition could occur?,OOP,Singleton Pattern
Why might dependency injection be considered a better alternative to the Singleton pattern in many designs?,OOP,Singleton Pattern
How would you prevent a Singleton class from being instantiated multiple times through reflection in certain languages?,OOP,Singleton Pattern
Why does serialization pose a risk of breaking the Singleton guarantee if not handled carefully?,OOP,Singleton Pattern
Consider a configuration manager implemented as a Singleton. Why might this be a reasonable and justified use case?,OOP,Singleton Pattern
Why is the double-checked locking pattern sometimes used when implementing a thread-safe Singleton?,OOP,Singleton Pattern
How does the Singleton pattern differ from simply using static methods and fields throughout a class?,OOP,Singleton Pattern
Why might introducing a Singleton for a database connection pool make sense in a resource-constrained system?,OOP,Singleton Pattern
Why does the Factory pattern decouple object creation from the code that uses the created objects?,OOP,Factory Pattern
Consider a system creating different Shape objects based on user input. How would a Factory method simplify this logic?,OOP,Factory Pattern
How does the Factory pattern support the Open/Closed Principle when new product types are introduced?,OOP,Factory Pattern
Why might a Factory method be preferred over directly calling multiple constructors scattered throughout client code?,OOP,Factory Pattern
"Consider a Notification system needing to create Email, SMS, or Push notification objects. How would a Factory handle this cleanly?",OOP,Factory Pattern
What distinguishes the Factory Method pattern from the Abstract Factory pattern?,OOP,Factory Pattern
Why does the Abstract Factory pattern involve creating families of related objects rather than a single object type?,OOP,Factory Pattern
Consider a UI toolkit supporting multiple themes. How would an Abstract Factory help create theme-consistent components?,OOP,Factory Pattern
Why might a Factory pattern hide complex object construction logic that would otherwise clutter client code?,OOP,Factory Pattern
How does the Factory pattern relate to polymorphism when returning objects of a common supertype?,OOP,Factory Pattern
Consider a payment system where new payment types are added periodically. Why would a Factory reduce the need to modify client code?,OOP,Factory Pattern
Why does the Factory pattern often work well alongside interfaces or abstract classes?,OOP,Factory Pattern
What risk arises if a Factory class grows too large by handling too many unrelated product types?,OOP,Factory Pattern
Consider a vehicle manufacturing simulation. How would a Factory method decide which Vehicle subtype to instantiate?,OOP,Factory Pattern
Why might using a Factory pattern improve testability by allowing mock objects to be substituted during unit tests?,OOP,Factory Pattern
How does the Observer pattern allow multiple objects to react to changes in another object's state?,OOP,Observer Pattern
Consider a stock price monitoring system. How would the Observer pattern notify multiple displays when the price updates?,OOP,Observer Pattern
Why does the Observer pattern promote loose coupling between the subject and its observers?,OOP,Observer Pattern
What role does a subscribe or register method play in setting up the Observer pattern?,OOP,Observer Pattern
Consider a Notification system where users subscribe to specific event types. How does this reflect the Observer pattern?,OOP,Observer Pattern
Why might failing to unsubscribe an observer lead to memory leaks in long-running applications?,OOP,Observer Pattern
How does the Observer pattern differ from simply having a subject call fixed methods on a hardcoded list of dependent classes?,OOP,Observer Pattern
Consider a UI framework where multiple components need to update when underlying data changes. Why does the Observer pattern fit this scenario?,OOP,Observer Pattern
Why does the Observer pattern support adding new observers without modifying the subject's existing code?,OOP,Observer Pattern
How would you design an event-driven logging system using the Observer pattern to notify multiple log destinations?,OOP,Observer Pattern
Consider a scenario where observers must be notified in a specific order. How does this complicate a typical Observer implementation?,OOP,Observer Pattern
Why might excessive use of the Observer pattern make it difficult to trace the flow of execution in a system?,OOP,Observer Pattern
How does the Observer pattern relate to the publish-subscribe architectural style used in larger systems?,OOP,Observer Pattern
Consider a weather station broadcasting temperature updates to multiple display units. How would you structure this using the Observer pattern?,OOP,Observer Pattern
Why does the Observer pattern typically define a common interface that all observers must implement?,OOP,Observer Pattern
How does dependency injection differ from a class directly instantiating the objects it depends on?,OOP,Dependency Injection
Why does dependency injection improve testability by allowing mock dependencies to be substituted easily?,OOP,Dependency Injection
Consider a NotificationService class receiving an EmailSender through its constructor rather than creating it internally. Why is this beneficial?,OOP,Dependency Injection
What distinguishes constructor injection from setter injection in terms of when dependencies are provided?,OOP,Dependency Injection
Why does dependency injection align closely with the Dependency Inversion Principle?,OOP,Dependency Injection
Consider a system using a dependency injection framework to wire together services. What problem does this solve at scale?,OOP,Dependency Injection
Why might injecting an interface rather than a concrete class make a system easier to extend later?,OOP,Dependency Injection
How does dependency injection help avoid tightly coupling a class to a specific implementation of its dependency?,OOP,Dependency Injection
Consider a PaymentService class that needs different payment gateways in different environments. How would dependency injection support this?,OOP,Dependency Injection
Why does field injection sometimes make dependencies less visible compared to constructor injection?,OOP,Dependency Injection
How would you refactor a class that internally creates a Logger instance to instead use dependency injection?,OOP,Dependency Injection
Why might overusing dependency injection frameworks introduce unnecessary complexity into a simple application?,OOP,Dependency Injection
Consider a class requiring many dependencies through its constructor. Why might this indicate the class has too many responsibilities?,OOP,Dependency Injection
How does dependency injection support swapping a real database connection for a fake one during testing?,OOP,Dependency Injection
Why does dependency injection generally lead to more modular and loosely coupled object-oriented systems?,OOP,Dependency Injection
What does a hollow diamond in a UML class diagram typically represent between two classes?,OOP,UML and Class Design
How would you represent an inheritance relationship between Vehicle and Car in a UML class diagram?,OOP,UML and Class Design
Why does a filled diamond in UML indicate a stronger ownership relationship than a hollow diamond?,OOP,UML and Class Design
Consider a UML class diagram showing multiplicity of 1..* between Order and OrderItem. What does this indicate about their relationship?,OOP,UML and Class Design
"Why is it useful to model access modifiers, such as private and public, directly within a UML class diagram?",OOP,UML and Class Design
"How would you represent an interface implementation relationship in a UML class diagram, as opposed to inheritance?",OOP,UML and Class Design
Consider a UML diagram where a dashed arrow connects two classes. What kind of relationship does this typically represent?,OOP,UML and Class Design
Why does UML class design encourage identifying relationships before writing actual class code?,OOP,UML and Class Design
How would you depict an abstract class in a UML diagram to distinguish it from a concrete class?,OOP,UML and Class Design
Consider designing a UML diagram for a Library system. How would you represent the relationship between Library and Book?,OOP,UML and Class Design
"Why might a UML class diagram help identify design flaws, such as excessive coupling, before implementation begins?",OOP,UML and Class Design
How does UML notation differentiate between aggregation and composition relationships visually?,OOP,UML and Class Design
"Consider a UML diagram for an e-commerce system. How would you represent the relationship between Customer, Cart, and Product?",OOP,UML and Class Design
Why is documenting method signatures in a UML class diagram useful for communicating a class's public contract?,OOP,UML and Class Design
How would you use a UML class diagram to plan a Notification system supporting multiple notification types before writing code?,OOP,UML and Class Design
Why does accessing an element by index take constant time in an array but linear time in a linked list?,DSA,Arrays
"In an array-based implementation, why is inserting an element at the beginning more expensive than inserting at the end?",DSA,Arrays
How would you rotate an array of n elements by k positions using O(1) extra space?,DSA,Arrays
What is the advantage of using a prefix sum array when answering multiple range-sum queries?,DSA,Arrays
"Given an array with one duplicate element among numbers 1 to n, how can you find it without using extra space?",DSA,Arrays
"Why can arrays not grow dynamically in most low-level languages, and how do dynamic arrays solve this?",DSA,Arrays
How does the two-pointer technique help find a pair with a given sum in a sorted array?,DSA,Arrays
What happens to the amortized time complexity when a dynamic array needs to resize during insertion?,DSA,Arrays
How would you find the maximum subarray sum in an array containing negative numbers?,DSA,Arrays
Why is deleting an element from the middle of an array considered inefficient?,DSA,Arrays
How can you find the missing number in an array containing n-1 distinct numbers from 1 to n?,DSA,Arrays
What is the difference between a static array and a dynamic array in terms of memory allocation?,DSA,Arrays
"Given an array, how would you segregate 0s, 1s, and 2s in a single pass?",DSA,Arrays
Why does binary search require the array to be sorted beforehand?,DSA,Arrays
How would you find the intersection of two unsorted arrays efficiently?,DSA,Arrays
What is the time complexity of merging two sorted arrays of sizes m and n into one sorted array?,DSA,Arrays
How can Kadane's algorithm be used to solve the maximum subarray problem?,DSA,Arrays
"Given a rotated sorted array, how would you search for a target element in logarithmic time?",DSA,Arrays
Why is it inefficient to use an array when frequent insertions and deletions are required at arbitrary positions?,DSA,Arrays
How would you find all pairs in an array whose sum equals a given value?,DSA,Arrays
What technique can be used to move all zeros in an array to the end while preserving the order of other elements?,DSA,Arrays
How does a sliding window differ from a simple nested loop when solving subarray problems on arrays?,DSA,Arrays
"Given an array of stock prices, how would you find the maximum profit from a single buy-sell transaction?",DSA,Arrays
Why does reversing an array in place require only O(1) extra space?,DSA,Arrays
How would you find the majority element in an array using the Boyer-Moore voting algorithm?,DSA,Arrays
"What is the significance of the leaders-in-an-array problem, and how is it solved efficiently?",DSA,Arrays
How can you determine if an array can be partitioned into two subsets with equal sum?,DSA,Arrays
Why is it necessary to check array bounds before accessing an index in most programming languages?,DSA,Arrays
"Given two sorted arrays, how would you find the median of the combined array in logarithmic time?",DSA,Arrays
How would you find the next greater element for every element in an array using a stack?,DSA,Arrays
What is the trade-off between using an array and a hash set to check for duplicate elements?,DSA,Arrays
How can you rearrange an array so that positive and negative numbers alternate?,DSA,Arrays
"Given an array of integers, how would you find the equilibrium index where the sum of elements on both sides is equal?",DSA,Arrays
Why does linear search remain necessary for unsorted arrays despite its higher time complexity?,DSA,Arrays
How would you merge overlapping intervals given as an array of pairs?,DSA,Arrays
What is the purpose of using a difference array for range update queries?,DSA,Arrays
How can you find the minimum number of jumps required to reach the end of an array?,DSA,Arrays
"Given an array representing heights of buildings, how would you find the maximum area of water trapped between them?",DSA,Arrays
Why is in-place array manipulation preferred in memory-constrained environments?,DSA,Arrays
How would you find the longest consecutive sequence of elements in an unsorted array?,DSA,Arrays
What is the difference between a 1D array and a 2D array in terms of memory layout?,DSA,Arrays
Why does a singly linked list not support efficient backward traversal?,DSA,Linked Lists
How would you detect whether a linked list contains a cycle?,DSA,Linked Lists
"Given a linked list, how would you find the middle node in a single pass?",DSA,Linked Lists
What is the process to reverse a singly linked list iteratively?,DSA,Linked Lists
How does the fast and slow pointer technique help find the starting point of a cycle in a linked list?,DSA,Linked Lists
Why is inserting a node at the head of a linked list an O(1) operation?,DSA,Linked Lists
How would you merge two sorted linked lists into one sorted list?,DSA,Linked Lists
What is the difference between traversing an array and traversing a linked list in terms of cache performance?,DSA,Linked Lists
How can you remove the nth node from the end of a linked list in a single traversal?,DSA,Linked Lists
"Given two linked lists representing numbers, how would you add them digit by digit?",DSA,Linked Lists
Why does a linked list require extra memory compared to an array for storing the same number of elements?,DSA,Linked Lists
How would you check if a singly linked list is a palindrome?,DSA,Linked Lists
What is the approach to remove duplicate nodes from an unsorted linked list?,DSA,Linked Lists
How can you reverse a linked list in groups of k nodes?,DSA,Linked Lists
Why is random access not possible in a linked list the way it is in an array?,DSA,Linked Lists
How would you find the intersection point of two linked lists that merge at some node?,DSA,Linked Lists
What happens if you forget to update the head pointer while deleting the first node of a linked list?,DSA,Linked Lists
How can you clone a linked list that contains a random pointer along with the next pointer?,DSA,Linked Lists
"Given a sorted linked list, how would you remove all duplicate values while keeping only distinct elements?",DSA,Linked Lists
Why is a sentinel or dummy node often used when performing insertions and deletions on a linked list?,DSA,Linked Lists
How does a doubly linked list allow traversal in both directions?,DSA,Doubly Linked Lists
What is the additional memory overhead of a doubly linked list compared to a singly linked list?,DSA,Doubly Linked Lists
How would you delete a given node from a doubly linked list without traversing from the head?,DSA,Doubly Linked Lists
Why is reversing a doubly linked list simpler than reversing a singly linked list?,DSA,Doubly Linked Lists
How does an LRU cache implementation typically use a doubly linked list along with a hash map?,DSA,Doubly Linked Lists
What is the process to insert a node before a given node in a doubly linked list?,DSA,Doubly Linked Lists
How can you convert a binary tree into a doubly linked list using in-order traversal?,DSA,Doubly Linked Lists
Why must both the previous and next pointers be updated carefully during insertion in a doubly linked list?,DSA,Doubly Linked Lists
How would you detect a cycle in a doubly linked list?,DSA,Doubly Linked Lists
What is the advantage of a doubly linked list over an array when implementing a browser's back-and-forward navigation?,DSA,Doubly Linked Lists
How can you find the last node of a doubly linked list efficiently?,DSA,Doubly Linked Lists
Why does a doubly linked list consume more space per node than a singly linked list?,DSA,Doubly Linked Lists
How does a circular linked list differ from a singly linked list in terms of traversal termination?,DSA,Circular Linked Lists
Why is a circular linked list useful for implementing round-robin scheduling?,DSA,Circular Linked Lists
How would you detect whether a given linked list is circular?,DSA,Circular Linked Lists
What is the process to insert a new node at the end of a circular linked list?,DSA,Circular Linked Lists
How can you split a circular linked list into two equal halves?,DSA,Circular Linked Lists
Why must you be careful to avoid infinite loops while traversing a circular linked list?,DSA,Circular Linked Lists
How would you delete a specific node from a circular linked list?,DSA,Circular Linked Lists
What real-world application relies on a circular linked list to manage a continuous cycle of tasks?,DSA,Circular Linked Lists
Why does a stack follow the Last In First Out principle?,DSA,Stacks
How would you check if an expression has balanced parentheses using a stack?,DSA,Stacks
What is the process to evaluate a postfix expression using a stack?,DSA,Stacks
How can a stack be used to reverse a string?,DSA,Stacks
Why is recursion closely related to the concept of a stack?,DSA,Stacks
How would you implement a stack that also supports retrieving the minimum element in constant time?,DSA,Stacks
What is the approach to convert an infix expression into postfix notation using a stack?,DSA,Stacks
How can two stacks be used together to implement a queue?,DSA,Stacks
"Why does a stack overflow occur, and how is it related to the call stack in recursive functions?",DSA,Stacks
How would you sort a stack using only another stack as auxiliary storage?,DSA,Stacks
What is the significance of the next-greater-element problem being solved efficiently with a stack?,DSA,Stacks
How can a stack help in checking whether a given string is a palindrome?,DSA,Stacks
Why is a stack the natural choice for implementing undo functionality in software applications?,DSA,Stacks
How would you find the largest rectangular area in a histogram using a stack?,DSA,Stacks
What happens when you try to pop an element from an empty stack?,DSA,Stacks
How can a stack be used to evaluate a prefix expression?,DSA,Stacks
Why are push and pop operations on an array-based stack considered O(1)?,DSA,Stacks
"How would you design a stack that supports push, pop, and retrieving the maximum element efficiently?",DSA,Stacks
Why does a queue follow the First In First Out principle?,DSA,Queues
How would you implement a queue using two stacks?,DSA,Queues
What is the difference between a simple queue and a circular queue in terms of space utilization?,DSA,Queues
How can a queue be used to perform level-order traversal of a tree?,DSA,Queues
Why does a simple array-based queue implementation suffer from wasted space over time?,DSA,Queues
How would you design a queue that supports retrieving the minimum element efficiently?,DSA,Queues
What is the purpose of a priority queue compared to a standard queue?,DSA,Queues
How can you reverse the first k elements of a queue while keeping the rest in original order?,DSA,Queues
Why is a circular queue preferred over a linear queue in fixed-size buffer implementations?,DSA,Queues
How would you check if a queue is empty or full in an array-based circular queue?,DSA,Queues
What is the role of a queue in implementing breadth-first search on a graph?,DSA,Queues
How can you interleave the first and second halves of a queue?,DSA,Queues
Why does the dequeue operation in a linked-list-based queue take constant time?,DSA,Queues
How would you generate binary numbers from 1 to n using a queue?,DSA,Queues
"What is a double-ended queue, and how does it differ from a standard queue?",DSA,Queues
How can a queue be used to simulate a printer's job scheduling?,DSA,Queues
Why might a queue implemented using a single array lead to incorrect full or empty detection?,DSA,Queues
How would you find the first non-repeating character in a stream of characters using a queue?,DSA,Queues
How does a deque allow insertion and deletion from both ends efficiently?,DSA,Deque
Why is a deque more versatile than both a stack and a queue?,DSA,Deque
How would you use a deque to find the maximum in every window of size k in an array?,DSA,Deque
What is the underlying data structure typically used to implement a deque efficiently?,DSA,Deque
How can a deque be used to implement both a stack and a queue interchangeably?,DSA,Deque
Why does inserting at the front of an array-based deque require careful index management?,DSA,Deque
How would you check if a given sequence can be generated by valid deque operations?,DSA,Deque
What is the time complexity of insertion and deletion at both ends of a well-implemented deque?,DSA,Deque
Why does a hash table provide average-case constant time complexity for search operations?,DSA,Hashing / Hash Tables
How does a hash function distribute keys across different buckets in a hash table?,DSA,Hashing / Hash Tables
What is the difference between separate chaining and open addressing for collision resolution?,DSA,Hashing / Hash Tables
How would you design a hash function for strings that minimizes collisions?,DSA,Hashing / Hash Tables
Why does load factor matter when deciding whether to resize a hash table?,DSA,Hashing / Hash Tables
How can you detect the first repeating element in an array using hashing?,DSA,Hashing / Hash Tables
What is the difference between a HashMap and a HashSet in terms of stored data?,DSA,Hashing / Hash Tables
How would you find two numbers in an array that add up to a target sum using a hash map?,DSA,Hashing / Hash Tables
Why can hashing not guarantee worst-case constant time lookup?,DSA,Hashing / Hash Tables
How does linear probing handle collisions differently from quadratic probing?,DSA,Hashing / Hash Tables
What is the purpose of using a hash table to detect duplicate elements in an array?,DSA,Hashing / Hash Tables
How would you group anagrams together from a list of strings using hashing?,DSA,Hashing / Hash Tables
Why is a good hash function expected to distribute keys uniformly?,DSA,Hashing / Hash Tables
How can you find the longest subarray with a sum equal to zero using hashing?,DSA,Hashing / Hash Tables
"What is the concept of rehashing, and when does it typically occur?",DSA,Hashing / Hash Tables
"How would you design a data structure that supports insert, delete, and getRandom in O(1) time?",DSA,Hashing / Hash Tables
Why does chaining use additional memory compared to open addressing?,DSA,Hashing / Hash Tables
How can a hash map be used to check if two strings are anagrams of each other?,DSA,Hashing / Hash Tables
"What is a perfect hash function, and why is it difficult to achieve in practice?",DSA,Hashing / Hash Tables
How would you count the frequency of each element in an array efficiently?,DSA,Hashing / Hash Tables
Why might a hash table degrade to O(n) time complexity in the worst case?,DSA,Hashing / Hash Tables
How can you find all pairs with a given difference in an array using hashing?,DSA,Hashing / Hash Tables
What is the difference between hashing and indexing in terms of data retrieval?,DSA,Hashing / Hash Tables
How would you implement a cache with constant time get and put operations using hashing?,DSA,Hashing / Hash Tables
Why is choosing a prime number as the table size beneficial for reducing collisions?,DSA,Hashing / Hash Tables
What distinguishes a tree data structure from a graph in terms of structure?,DSA,Trees
How would you calculate the height of a tree given its root node?,DSA,Trees
"Why is a tree considered a hierarchical, non-linear data structure?",DSA,Trees
How can you determine the number of leaf nodes in a given tree?,DSA,Trees
What is the difference between a full tree and a complete tree?,DSA,Trees
How would you check if two trees are structurally identical?,DSA,Trees
Why is the concept of a tree's diameter important in certain applications?,DSA,Trees
How can you find the lowest common ancestor of two nodes in a general tree?,DSA,Trees
What is the significance of a tree's degree in describing its branching factor?,DSA,Trees
How would you serialize and deserialize a tree structure for storage or transmission?,DSA,Trees
"Why do trees avoid cycles, unlike general graphs?",DSA,Trees
How can you convert a given tree into its mirror image?,DSA,Trees
What is the difference between a forest and a tree?,DSA,Trees
How would you find the sum of all node values in a tree using traversal?,DSA,Trees
Why is recursion a natural fit for solving most tree-based problems?,DSA,Trees
What is the maximum number of nodes possible at a given level of a binary tree?,DSA,Binary Trees
How would you perform an in-order traversal of a binary tree without recursion?,DSA,Binary Trees
Why does a skewed binary tree behave similarly to a linked list in terms of complexity?,DSA,Binary Trees
How can you check whether a given binary tree is height-balanced?,DSA,Binary Trees
"What is the difference between preorder, inorder, and postorder traversal in terms of output order?",DSA,Binary Trees
How would you find the maximum depth of a binary tree?,DSA,Binary Trees
Why is level-order traversal implemented using a queue rather than a stack?,DSA,Binary Trees
How can you determine if two binary trees are mirror images of each other?,DSA,Binary Trees
What is the process to construct a binary tree from its inorder and preorder traversal sequences?,DSA,Binary Trees
How would you find the diameter of a binary tree efficiently?,DSA,Binary Trees
Why does a binary tree allow at most two children per node?,DSA,Binary Trees
How can you print all root-to-leaf paths of a binary tree?,DSA,Binary Trees
What is the significance of a threaded binary tree in avoiding recursion during traversal?,DSA,Binary Trees
How would you check if a binary tree is symmetric around its center?,DSA,Binary Trees
Why is the zigzag or spiral traversal of a binary tree more complex than standard level-order traversal?,DSA,Binary Trees
How can you find the vertical order traversal of a binary tree?,DSA,Binary Trees
What is the difference between a binary tree and a binary search tree in terms of node ordering?,DSA,Binary Trees
"How would you convert a binary tree to its sum tree, where each node holds the sum of its subtree?",DSA,Binary Trees
Why might a binary tree traversal require O(n) space in the worst case even for recursive implementations?,DSA,Binary Trees
How can you find the boundary traversal of a binary tree?,DSA,Binary Trees
Why does an in-order traversal of a binary search tree produce elements in sorted order?,DSA,Binary Search Trees
"How would you search for a value in a binary search tree, and what is its average time complexity?",DSA,Binary Search Trees
What happens to the time complexity of BST operations when the tree becomes skewed?,DSA,Binary Search Trees
How can you delete a node with two children from a binary search tree while maintaining BST properties?,DSA,Binary Search Trees
Why is a self-balancing tree preferred over a plain BST for guaranteed performance?,DSA,Binary Search Trees
How would you find the kth smallest element in a binary search tree?,DSA,Binary Search Trees
What is the process to validate whether a given binary tree satisfies the binary search tree property?,DSA,Binary Search Trees
How can you find the in-order successor of a given node in a binary search tree?,DSA,Binary Search Trees
Why does inserting sorted data into a plain BST result in poor performance?,DSA,Binary Search Trees
How would you convert a sorted array into a balanced binary search tree?,DSA,Binary Search Trees
What is the significance of the lowest common ancestor problem specifically in a binary search tree?,DSA,Binary Search Trees
How can you find the floor and ceiling of a given value in a binary search tree?,DSA,Binary Search Trees
Why is deletion considered the most complex operation among BST operations?,DSA,Binary Search Trees
How would you check if a binary search tree contains a given range of values efficiently?,DSA,Binary Search Trees
What is the difference between searching in a BST versus searching in a balanced binary tree that is not sorted?,DSA,Binary Search Trees
How can you convert a binary search tree into a sorted doubly linked list?,DSA,Binary Search Trees
Why does a BST not guarantee logarithmic height without additional balancing mechanisms?,DSA,Binary Search Trees
How would you find two nodes in a BST whose values sum to a given target?,DSA,Binary Search Trees
What is the process to merge two binary search trees into one balanced BST?,DSA,Binary Search Trees
How can you find the node with the minimum value in a binary search tree without recursion?,DSA,Binary Search Trees
Why is an AVL tree considered a self-balancing binary search tree?,DSA,AVL Trees
"What is the balance factor of a node, and how is it used in AVL trees?",DSA,AVL Trees
How would you perform a left rotation to rebalance an AVL tree?,DSA,AVL Trees
"Why does an AVL tree guarantee O(log n) time complexity for search, insertion, and deletion?",DSA,AVL Trees
What is the difference between a left-left rotation and a left-right rotation in an AVL tree?,DSA,AVL Trees
How can inserting a single node into an AVL tree trigger multiple rotations?,DSA,AVL Trees
Why is an AVL tree more strictly balanced compared to a red-black tree?,DSA,AVL Trees
How would you determine if a given binary search tree qualifies as an AVL tree?,DSA,AVL Trees
What is the trade-off of using an AVL tree in scenarios with frequent insertions and deletions?,DSA,AVL Trees
How does deletion in an AVL tree differ from insertion in terms of rebalancing complexity?,DSA,AVL Trees
Why is a heap represented efficiently using an array rather than pointers?,DSA,Heaps
How does the heapify process maintain the heap property after insertion?,DSA,Heaps
What is the difference between a min heap and a max heap?,DSA,Heaps
How would you build a heap from an unsorted array in linear time?,DSA,Heaps
Why does extracting the minimum or maximum element from a heap take logarithmic time?,DSA,Heaps
How can a heap be used to find the kth largest element in an array?,DSA,Heaps
What is the process to delete an arbitrary element from a heap while maintaining its structure?,DSA,Heaps
How does heap sort use the heap data structure to sort an array in place?,DSA,Heaps
Why is a heap not suitable for searching an arbitrary element efficiently?,DSA,Heaps
How would you merge k sorted arrays using a min heap?,DSA,Heaps
What is the relationship between a complete binary tree and a heap's structural property?,DSA,Heaps
How can a heap be used to design a median-finding data structure for a stream of numbers?,DSA,Heaps
Why does sift-down differ from sift-up during heap operations?,DSA,Heaps
How would you check if a given array represents a valid heap?,DSA,Heaps
What is the time complexity of building a heap compared to inserting elements one by one?,DSA,Heaps
How can a max heap be converted into a min heap efficiently?,DSA,Heaps
Why is a heap often chosen over a sorted array for implementing a priority queue?,DSA,Heaps
How would you find the top k frequent elements in an array using a heap?,DSA,Heaps
How does a priority queue differ from a standard queue in terms of element ordering?,DSA,Priority Queues
Why is a heap the most common underlying structure for implementing a priority queue?,DSA,Priority Queues
"How would you implement a priority queue using an unsorted array, and what is its trade-off?",DSA,Priority Queues
What is the significance of priority queues in implementing Dijkstra's shortest path algorithm?,DSA,Priority Queues
How can you design a priority queue that supports decrease-key operations efficiently?,DSA,Priority Queues
Why might a priority queue be preferred over sorting when only the top few elements are needed?,DSA,Priority Queues
How would you use a priority queue to schedule tasks based on urgency?,DSA,Priority Queues
What is the difference between a stable and an unstable priority queue implementation?,DSA,Priority Queues
How can two priority queues be used to find the median of a running data stream?,DSA,Priority Queues
Why does insertion into a priority queue take logarithmic time in a heap-based implementation?,DSA,Priority Queues
Why is a trie particularly efficient for prefix-based string searches?,DSA,Tries
How does a trie's space complexity compare to storing the same strings in a hash set?,DSA,Tries
What is the process to insert a word into a trie data structure?,DSA,Tries
How would you implement autocomplete functionality using a trie?,DSA,Tries
Why does a trie allow shared storage for common prefixes among multiple words?,DSA,Tries
How can you delete a word from a trie without affecting other stored words?,DSA,Tries
What is the significance of marking the end of a word in a trie node?,DSA,Tries
How would you count the number of words with a given prefix using a trie?,DSA,Tries
What is the difference between a directed and an undirected graph?,DSA,Graphs
How does an adjacency matrix differ from an adjacency list in terms of space usage?,DSA,Graphs
Why is an adjacency list preferred for sparse graphs over an adjacency matrix?,DSA,Graphs
How would you determine if a given graph is connected?,DSA,Graphs
What is the difference between a weighted and an unweighted graph?,DSA,Graphs
How can you detect a cycle in an undirected graph?,DSA,Graphs
Why does representing a graph using an adjacency matrix consume O(V squared) space?,DSA,Graphs
How would you find all connected components in an undirected graph?,DSA,Graphs
What is the significance of a graph's degree in analyzing its structure?,DSA,Graphs
How can you check whether a graph is bipartite?,DSA,Graphs
Why is a spanning tree of a graph important in network design problems?,DSA,Graphs
"How would you represent a graph with negative edge weights, and what challenges does it introduce?",DSA,Graphs
What is the difference between a simple graph and a multigraph?,DSA,Graphs
How can you find all bridges in a given graph?,DSA,Graphs
Why might a graph traversal algorithm behave differently on a disconnected graph?,DSA,Graphs
How would you determine the number of edges required to make a graph strongly connected?,DSA,Graphs
What is the significance of articulation points in a graph?,DSA,Graphs
How can you convert an adjacency matrix representation of a graph into an adjacency list?,DSA,Graphs
Why is graph coloring relevant to scheduling and resource allocation problems?,DSA,Graphs
How would you detect a cycle specifically in a directed graph?,DSA,Graphs
Why is a queue essential for implementing breadth-first search correctly?,DSA,BFS
How does BFS guarantee the shortest path in an unweighted graph?,DSA,BFS
What is the time complexity of BFS in terms of vertices and edges?,DSA,BFS
How would you use BFS to find the shortest path between two nodes in a maze represented as a grid?,DSA,BFS
Why does BFS explore a graph level by level rather than depth first?,DSA,BFS
How can BFS be used to determine if a graph is bipartite?,DSA,BFS
What happens to BFS traversal when the graph contains disconnected components?,DSA,BFS
How would you modify BFS to find the shortest path in a graph with equal edge weights?,DSA,BFS
Why is a visited array necessary to prevent BFS from revisiting nodes indefinitely?,DSA,BFS
How can BFS be applied to solve the word ladder problem?,DSA,BFS
"Why is a stack, whether explicit or via recursion, central to depth-first search?",DSA,DFS
How does DFS differ from BFS in terms of memory usage on wide graphs?,DSA,DFS
What is the time complexity of DFS in terms of vertices and edges?,DSA,DFS
How would you use DFS to detect a cycle in a directed graph?,DSA,DFS
Why is DFS well-suited for solving maze and pathfinding problems with backtracking?,DSA,DFS
How can DFS be used to perform a topological sort of a directed acyclic graph?,DSA,DFS
What is the difference between iterative and recursive implementations of DFS?,DSA,DFS
How would you use DFS to find all connected components in a graph?,DSA,DFS
Why might DFS get stuck in infinite recursion without a visited marker on cyclic graphs?,DSA,DFS
How can DFS be applied to solve the problem of counting islands in a grid?,DSA,DFS
Why does every recursive function require a base case to terminate correctly?,DSA,Recursion
How does recursion differ from iteration in terms of memory usage?,DSA,Recursion
What is the process to convert a recursive function into an iterative one using an explicit stack?,DSA,Recursion
How would you explain tail recursion and why some compilers optimize it?,DSA,Recursion
Why can deep recursion lead to a stack overflow error?,DSA,Recursion
How can recursion be used to generate all permutations of a given string?,DSA,Recursion
What is the difference between direct and indirect recursion?,DSA,Recursion
How would you compute the factorial of a number using recursion and trace its call stack?,DSA,Recursion
Why is recursion a natural approach for problems that can be divided into similar subproblems?,DSA,Recursion
"How can you calculate the nth Fibonacci number using recursion, and what is its inefficiency?",DSA,Recursion
What is the significance of memoization in improving the efficiency of recursive solutions?,DSA,Recursion
How would you reverse a string using recursion without any loops?,DSA,Recursion
Why does recursion sometimes lead to redundant computation without additional optimization?,DSA,Recursion
How can recursion be used to solve the Tower of Hanoi problem?,DSA,Recursion
What is the difference between recursion and dynamic programming in terms of solving overlapping subproblems?,DSA,Recursion
How would you trace the output of a recursive function that prints numbers before and after the recursive call?,DSA,Recursion
Why is understanding the recursion tree important for analyzing time complexity?,DSA,Recursion
How can recursion be used to flatten a nested list structure?,DSA,Recursion
How does backtracking differ from brute force in terms of exploring the solution space?,DSA,Backtracking
What is the role of pruning in reducing the search space during backtracking?,DSA,Backtracking
How would you use backtracking to solve the N-Queens problem?,DSA,Backtracking
Why does backtracking undo a choice when it leads to an invalid or non-promising state?,DSA,Backtracking
How can backtracking be used to generate all valid combinations of balanced parentheses?,DSA,Backtracking
What is the difference between backtracking and dynamic programming when both solve combinatorial problems?,DSA,Backtracking
How would you solve a Sudoku puzzle using backtracking?,DSA,Backtracking
Why is backtracking often implemented using recursion?,DSA,Backtracking
How can backtracking be used to find all subsets of a given set?,DSA,Backtracking
What is the time complexity concern when using backtracking for problems with a large search space?,DSA,Backtracking
How would you use backtracking to solve a maze problem where certain cells are blocked?,DSA,Backtracking
Why does backtracking sometimes require marking and unmarking visited states explicitly?,DSA,Backtracking
Why is merge sort considered a stable sorting algorithm?,DSA,Sorting Algorithms
How does quicksort's choice of pivot affect its worst-case time complexity?,DSA,Sorting Algorithms
What is the difference between comparison-based and non-comparison-based sorting algorithms?,DSA,Sorting Algorithms
How would you trace the steps of bubble sort on a small unsorted array?,DSA,Sorting Algorithms
Why is insertion sort efficient for nearly sorted or small datasets?,DSA,Sorting Algorithms
How does the time complexity of selection sort compare to bubble sort?,DSA,Sorting Algorithms
"What is the underlying idea behind counting sort, and when is it applicable?",DSA,Sorting Algorithms
How would you explain why quicksort has an average time complexity of O(n log n)?,DSA,Sorting Algorithms
Why does merge sort require additional O(n) space compared to in-place sorting algorithms?,DSA,Sorting Algorithms
How can radix sort be used to sort numbers without direct comparisons?,DSA,Sorting Algorithms
What is the difference between an in-place and an out-of-place sorting algorithm?,DSA,Sorting Algorithms
How would you modify quicksort to handle arrays with many duplicate elements efficiently?,DSA,Sorting Algorithms
Why is heap sort not considered a stable sorting algorithm?,DSA,Sorting Algorithms
How does bucket sort distribute elements before sorting each bucket individually?,DSA,Sorting Algorithms
What is the significance of the lower bound of O(n log n) for comparison-based sorting?,DSA,Sorting Algorithms
How would you choose between quicksort and merge sort for sorting a linked list?,DSA,Sorting Algorithms
Why can selection sort be preferable when the cost of swapping elements is high?,DSA,Sorting Algorithms
How does the three-way partitioning variant of quicksort improve performance on duplicate-heavy arrays?,DSA,Sorting Algorithms
What is the difference between shell sort and insertion sort in terms of gap sequences?,DSA,Sorting Algorithms
How would you determine whether a given sorting algorithm is stable or unstable?,DSA,Sorting Algorithms
"Why is timsort, used in many standard libraries, a hybrid of merge sort and insertion sort?",DSA,Sorting Algorithms
How can you sort an array containing only 0s and 1s in a single pass?,DSA,Sorting Algorithms
"What is the worst-case time complexity of quicksort, and under what conditions does it occur?",DSA,Sorting Algorithms
How would you sort an array of strings based on their lengths rather than lexicographic order?,DSA,Sorting Algorithms
Why does merge sort perform consistently regardless of the initial order of elements?,DSA,Sorting Algorithms
How can you sort a nearly sorted array where each element is at most k positions away from its sorted position?,DSA,Sorting Algorithms
"What is the difference between external sorting and internal sorting, and when is external sorting necessary?",DSA,Sorting Algorithms
What is the fundamental difference between linear search and binary search in terms of prerequisites?,DSA,Searching Algorithms
How would you search for an element in a matrix that is sorted row-wise and column-wise?,DSA,Searching Algorithms
Why does exponential search combine binary search with an unbounded search range?,DSA,Searching Algorithms
How can interpolation search improve upon binary search for uniformly distributed data?,DSA,Searching Algorithms
What is the time complexity of searching in a balanced binary search tree compared to a sorted array?,DSA,Searching Algorithms
How would you find the first and last occurrence of an element in a sorted array with duplicates?,DSA,Searching Algorithms
Why is jump search considered a middle ground between linear and binary search?,DSA,Searching Algorithms
How can ternary search be used to find the maximum of a unimodal function?,DSA,Searching Algorithms
What is the difference between searching in a static dataset versus a dynamically changing dataset?,DSA,Searching Algorithms
How would you search for an element in a sorted array that has been rotated an unknown number of times?,DSA,Searching Algorithms
Why must the search space be sorted or monotonic for binary search to work correctly?,DSA,Binary Search
How would you find the square root of a number using binary search?,DSA,Binary Search
What is the process to find the peak element in an array using binary search?,DSA,Binary Search
How can binary search be applied on the answer itself rather than on array elements?,DSA,Binary Search
Why does binary search reduce the search space by half in each iteration?,DSA,Binary Search
How would you find the smallest element greater than or equal to a target using binary search?,DSA,Binary Search
What is the difference between the lower bound and upper bound in binary search terminology?,DSA,Binary Search
How can binary search be used to find the minimum number of days required to complete a task given constraints?,DSA,Binary Search
Why can an incorrect midpoint calculation lead to an infinite loop in binary search?,DSA,Binary Search
How would you count the number of occurrences of a target element in a sorted array using binary search?,DSA,Binary Search
What is the time complexity of binary search compared to a linear scan for large datasets?,DSA,Binary Search
How can binary search be adapted to work on a 2D sorted matrix?,DSA,Binary Search
How does the two-pointer technique reduce the time complexity of certain array problems from quadratic to linear?,DSA,Two Pointers
What is the condition required on the input for the two-pointer approach to work effectively?,DSA,Two Pointers
How would you use two pointers to check if a string is a palindrome?,DSA,Two Pointers
Why is the two-pointer technique often combined with sorting when solving sum-based problems?,DSA,Two Pointers
How can two pointers be used to remove duplicates from a sorted array in place?,DSA,Two Pointers
What is the difference between the two-pointer technique and the sliding window technique?,DSA,Two Pointers
How would you use two pointers to merge two sorted arrays without extra space?,DSA,Two Pointers
Why does the two-pointer approach avoid the need for nested loops in many problems?,DSA,Two Pointers
How can two pointers moving from opposite ends solve the container-with-most-water problem?,DSA,Two Pointers
What is the significance of the fast and slow pointer variation within the two-pointer technique?,DSA,Two Pointers
Why is the sliding window technique useful for problems involving contiguous subarrays or substrings?,DSA,Sliding Window
How would you find the maximum sum of a subarray of fixed size k using sliding window?,DSA,Sliding Window
What is the difference between a fixed-size and a variable-size sliding window?,DSA,Sliding Window
How can sliding window be used to find the longest substring without repeating characters?,DSA,Sliding Window
Why does the sliding window technique avoid recomputation compared to a brute force nested loop approach?,DSA,Sliding Window
How would you find the smallest subarray with a sum greater than or equal to a given value?,DSA,Sliding Window
What is the role of shrinking the window in variable-size sliding window problems?,DSA,Sliding Window
How can sliding window be combined with a hash map to track character frequencies in a substring?,DSA,Sliding Window
Why is sliding window generally more efficient than recalculating the sum for every subarray?,DSA,Sliding Window
How would you find all anagrams of a pattern within a given string using sliding window?,DSA,Sliding Window
What is the core principle behind a greedy algorithm's decision-making process?,DSA,Greedy Algorithms
Why does a greedy approach not always guarantee an optimal solution?,DSA,Greedy Algorithms
How would you solve the activity selection problem using a greedy strategy?,DSA,Greedy Algorithms
What is the difference between a greedy algorithm and dynamic programming in terms of decision reversibility?,DSA,Greedy Algorithms
How can Huffman coding be constructed using a greedy approach?,DSA,Greedy Algorithms
"Why does the fractional knapsack problem yield an optimal solution with a greedy method, unlike the 0/1 knapsack?",DSA,Greedy Algorithms
How would you use a greedy algorithm to find the minimum number of coins for a given amount?,DSA,Greedy Algorithms
What is the significance of proving optimal substructure and greedy choice property before applying a greedy algorithm?,DSA,Greedy Algorithms
How can a greedy strategy be used to schedule jobs to minimize total lateness?,DSA,Greedy Algorithms
Why might a greedy algorithm fail on certain coin denomination systems?,DSA,Greedy Algorithms
How would you apply a greedy approach to the job sequencing problem with deadlines?,DSA,Greedy Algorithms
What is the relationship between greedy algorithms and minimum spanning tree construction?,DSA,Greedy Algorithms
What is the difference between memoization and tabulation in dynamic programming?,DSA,Dynamic Programming
Why must a problem exhibit overlapping subproblems for dynamic programming to be beneficial?,DSA,Dynamic Programming
How would you solve the 0/1 knapsack problem using dynamic programming?,DSA,Dynamic Programming
What is the significance of optimal substructure in identifying dynamic programming problems?,DSA,Dynamic Programming
How can dynamic programming be used to find the longest common subsequence between two strings?,DSA,Dynamic Programming
Why does a naive recursive solution to the Fibonacci sequence have exponential time complexity?,DSA,Dynamic Programming
How would you find the minimum number of coins needed to make a given amount using dynamic programming?,DSA,Dynamic Programming
What is the difference between the longest common subsequence and the longest common substring problems?,DSA,Dynamic Programming
How can dynamic programming be applied to solve the edit distance problem between two strings?,DSA,Dynamic Programming
Why is space optimization often possible in dynamic programming solutions using rolling arrays?,DSA,Dynamic Programming
How would you solve the longest increasing subsequence problem using dynamic programming?,DSA,Dynamic Programming
What is the approach to solve the matrix chain multiplication problem using dynamic programming?,DSA,Dynamic Programming
How can dynamic programming be used to count the number of ways to reach the top of a staircase?,DSA,Dynamic Programming
Why does the 0/1 knapsack problem require a 2D DP table while the fractional version does not need dynamic programming at all?,DSA,Dynamic Programming
How would you solve the coin change problem to count the total number of ways to form a given amount?,DSA,Dynamic Programming
What is the significance of the state transition in formulating a dynamic programming solution?,DSA,Dynamic Programming
How can dynamic programming solve the problem of finding the maximum sum of non-adjacent elements in an array?,DSA,Dynamic Programming
Why is dynamic programming preferred over plain recursion when subproblems repeat frequently?,DSA,Dynamic Programming
How would you approach the subset sum problem using dynamic programming?,DSA,Dynamic Programming
What is the difference between top-down and bottom-up dynamic programming approaches?,DSA,Dynamic Programming
How can dynamic programming be used to solve the partition equal subset sum problem?,DSA,Dynamic Programming
Why does the traveling salesman problem become more tractable with bitmask dynamic programming for small inputs?,DSA,Dynamic Programming
How would you solve the problem of finding the minimum path sum in a grid using dynamic programming?,DSA,Dynamic Programming
What is the role of a DP table in visualizing and solving the longest palindromic subsequence problem?,DSA,Dynamic Programming
How can dynamic programming be applied to word break problems where a string is split into valid dictionary words?,DSA,Dynamic Programming
Why might a dynamic programming solution still be inefficient if the state space is too large?,DSA,Dynamic Programming
How would you solve the rod cutting problem to maximize profit using dynamic programming?,DSA,Dynamic Programming
What are the three main steps involved in a divide and conquer algorithm?,DSA,Divide and Conquer
How does merge sort exemplify the divide and conquer paradigm?,DSA,Divide and Conquer
Why does the master theorem help in analyzing the time complexity of divide and conquer algorithms?,DSA,Divide and Conquer
How would you use divide and conquer to find the maximum and minimum elements in an array with fewer comparisons?,DSA,Divide and Conquer
What is the difference between divide and conquer and dynamic programming when subproblems overlap?,DSA,Divide and Conquer
How can divide and conquer be applied to efficiently multiply two large numbers?,DSA,Divide and Conquer
Why is quicksort classified as a divide and conquer algorithm despite its in-place partitioning?,DSA,Divide and Conquer
How would you use divide and conquer to count inversions in an array?,DSA,Divide and Conquer
What is the significance of the combine step in a divide and conquer algorithm?,DSA,Divide and Conquer
How can divide and conquer be used to solve the closest pair of points problem?,DSA,Divide and Conquer
Why does Dijkstra's algorithm fail to produce correct results in graphs with negative edge weights?,DSA,Shortest Path Algorithms
How does the Bellman-Ford algorithm handle graphs with negative edge weights?,DSA,Shortest Path Algorithms
What is the time complexity of Dijkstra's algorithm when implemented with a priority queue?,DSA,Shortest Path Algorithms
How would you detect a negative weight cycle in a graph using the Bellman-Ford algorithm?,DSA,Shortest Path Algorithms
Why is the Floyd-Warshall algorithm suitable for finding shortest paths between all pairs of vertices?,DSA,Shortest Path Algorithms
How can the A-star algorithm improve upon Dijkstra's algorithm using a heuristic function?,DSA,Shortest Path Algorithms
What is the difference between single-source and all-pairs shortest path algorithms?,DSA,Shortest Path Algorithms
How would you find the shortest path in an unweighted graph without using Dijkstra's algorithm?,DSA,Shortest Path Algorithms
Why does relaxation of edges form the core operation in most shortest path algorithms?,DSA,Shortest Path Algorithms
How can shortest path algorithms be adapted for graphs represented with adjacency lists versus adjacency matrices?,DSA,Shortest Path Algorithms
What is the difference between Prim's and Kruskal's algorithms for constructing a minimum spanning tree?,DSA,Minimum Spanning Tree
Why does a minimum spanning tree always contain exactly V minus 1 edges for a graph with V vertices?,DSA,Minimum Spanning Tree
How does the union-find data structure help detect cycles during Kruskal's algorithm?,DSA,Minimum Spanning Tree
What is the significance of edge weights in determining the uniqueness of a minimum spanning tree?,DSA,Minimum Spanning Tree
How would you modify Prim's algorithm to work efficiently using a priority queue?,DSA,Minimum Spanning Tree
Why is a minimum spanning tree not guaranteed to preserve shortest paths between all pairs of nodes?,DSA,Minimum Spanning Tree
How can Kruskal's algorithm be adapted to find a maximum spanning tree instead?,DSA,Minimum Spanning Tree
What is a real-world scenario where minimum spanning tree algorithms are applied in network design?,DSA,Minimum Spanning Tree
Why is topological sorting only possible on a directed acyclic graph?,DSA,Topological Sorting
How does Kahn's algorithm use in-degree counting to perform topological sorting?,DSA,Topological Sorting
What is the difference between DFS-based and BFS-based approaches to topological sorting?,DSA,Topological Sorting
How would you detect whether a topological sort is possible for a given graph?,DSA,Topological Sorting
Why can a graph have multiple valid topological orderings?,DSA,Topological Sorting
How can topological sorting be applied to resolve task scheduling with dependencies?,DSA,Topological Sorting
How does the union-find data structure support efficient cycle detection in graphs?,DSA,Graph Algorithms
What is the significance of strongly connected components in a directed graph?,DSA,Graph Algorithms
How would you find strongly connected components using Kosaraju's algorithm?,DSA,Graph Algorithms
Why is Tarjan's algorithm considered efficient for finding strongly connected components in a single pass?,DSA,Graph Algorithms
How can graph algorithms be used to detect deadlocks represented as a resource allocation graph?,DSA,Graph Algorithms
What is the difference between a Eulerian path and a Hamiltonian path in a graph?,DSA,Graph Algorithms
How would you determine if a given graph contains an Eulerian circuit?,DSA,Graph Algorithms
Why is finding a Hamiltonian path considered computationally harder than finding an Eulerian path?,DSA,Graph Algorithms
Why does time complexity analysis focus on the growth rate rather than exact execution time?,DSA,Time Complexity
How would you determine the time complexity of a nested loop where the inner loop depends on the outer loop's variable?,DSA,Time Complexity
"What is the difference between best-case, average-case, and worst-case time complexity?",DSA,Time Complexity
How can you analyze the time complexity of a recursive function using its recurrence relation?,DSA,Time Complexity
Why does an algorithm with O(n log n) complexity generally outperform one with O(n squared) for large inputs?,DSA,Time Complexity
How would you compare the time complexity of iterative and recursive implementations of the same algorithm?,DSA,Time Complexity
What is the impact of input size on choosing between an O(n) and an O(log n) algorithm in practice?,DSA,Time Complexity
How can amortized analysis provide a more accurate time complexity for operations like dynamic array resizing?,DSA,Time Complexity
Why is constant time complexity considered ideal but not always achievable?,DSA,Time Complexity
How would you determine the time complexity of an algorithm that halves the input size in each recursive call?,DSA,Time Complexity
What is the difference between auxiliary space and total space complexity of an algorithm?,DSA,Space Complexity
How does recursive function call overhead contribute to an algorithm's space complexity?,DSA,Space Complexity
Why might an algorithm with lower time complexity sometimes require higher space complexity?,DSA,Space Complexity
How would you reduce the space complexity of a dynamic programming solution using rolling arrays?,DSA,Space Complexity
What is the space complexity of an in-place sorting algorithm compared to one that uses auxiliary arrays?,DSA,Space Complexity
How can space complexity analysis influence the choice between iterative and recursive solutions?,DSA,Space Complexity
"What is the difference between Big-O, Big-Theta, and Big-Omega notation in describing algorithm performance?",DSA,Big-O / Big-Theta / Big-Omega
Why does Big-O notation represent an upper bound rather than an exact measure of performance?,DSA,Big-O / Big-Theta / Big-Omega
How would you express the time complexity of an algorithm using Big-Theta notation when its best and worst cases match?,DSA,Big-O / Big-Theta / Big-Omega
What is the significance of Big-Omega notation in establishing a lower bound for an algorithm's performance?,DSA,Big-O / Big-Theta / Big-Omega
How can two algorithms have the same Big-O complexity but different practical performance?,DSA,Big-O / Big-Theta / Big-Omega
Why is it important to distinguish between asymptotic notation and actual runtime measurements?,DSA,Big-O / Big-Theta / Big-Omega
How would you determine which notation is most appropriate for describing a given algorithm's behavior?,DSA,Big-O / Big-Theta / Big-Omega
What is the relationship between Big-O and Big-Omega when an algorithm's complexity is tightly bound?,DSA,Big-O / Big-Theta / Big-Omega
Why is asymptotic analysis preferred over measuring actual execution time when comparing algorithms?,DSA,Algorithm Analysis
How would you analyze the efficiency of an algorithm that processes input in multiple passes?,DSA,Algorithm Analysis
What is the role of the input size variable n in algorithm analysis?,DSA,Algorithm Analysis
How can profiling complement theoretical time complexity analysis in real-world applications?,DSA,Algorithm Analysis
Why might two algorithms with the same asymptotic complexity behave very differently on small inputs?,DSA,Algorithm Analysis
"What is a database management system, and how does it differ from a simple file-based system?",DBMS,DBMS Fundamentals
Why is data independence considered one of the key advantages of a DBMS?,DBMS,DBMS Fundamentals
What are the main advantages of using a DBMS over traditional file processing systems?,DBMS,DBMS Fundamentals
How does a DBMS ensure controlled and consistent access to shared data by multiple users?,DBMS,DBMS Fundamentals
What is the difference between logical data independence and physical data independence?,DBMS,DBMS Fundamentals
Why is redundancy control important in a database management system?,DBMS,DBMS Fundamentals
What are the different types of users typically interacting with a DBMS?,DBMS,DBMS Fundamentals
How does a DBMS handle data integrity across multiple related tables?,DBMS,DBMS Fundamentals
What is the role of a database administrator in maintaining a DBMS?,DBMS,DBMS Fundamentals
Why might an organization choose a DBMS over spreadsheets for managing large datasets?,DBMS,DBMS Fundamentals
"What is metadata, and why is it essential to a database management system?",DBMS,DBMS Fundamentals
How does a DBMS provide backup and recovery mechanisms that file systems typically lack?,DBMS,DBMS Fundamentals
What is the difference between a two-tier and a three-tier database architecture?,DBMS,Database Architecture
"How does the three-schema architecture separate the conceptual, external, and internal views of data?",DBMS,Database Architecture
Why is the external schema important for supporting multiple user views of the same database?,DBMS,Database Architecture
What is the role of the internal schema in a database's three-level architecture?,DBMS,Database Architecture
How does a client-server database architecture differ from a centralized database system?,DBMS,Database Architecture
What is the significance of data abstraction in database architecture?,DBMS,Database Architecture
Why is mapping between schema levels necessary in the three-schema architecture?,DBMS,Database Architecture
How does a distributed database architecture differ from a centralized one in terms of data storage?,DBMS,Database Architecture
What is the purpose of a database engine within the overall DBMS architecture?,DBMS,Database Architecture
How does the architecture of a DBMS support multiple concurrent applications accessing the same data?,DBMS,Database Architecture
"What is a data model, and why is it fundamental to database design?",DBMS,Data Models
How does the hierarchical data model differ from the network data model?,DBMS,Data Models
What is the significance of the relational data model in modern database systems?,DBMS,Data Models
Why is the object-oriented data model useful for representing complex data types?,DBMS,Data Models
How does a data model help bridge the gap between real-world entities and database structures?,DBMS,Data Models
What is the difference between a conceptual data model and a physical data model?,DBMS,Data Models
Why do most modern relational databases rely on tables as their core structural unit?,DBMS,Data Models
How does the choice of data model affect the flexibility of a database schema?,DBMS,Data Models
What is the purpose of the Entity-Relationship model in database design?,DBMS,ER Model
How does an entity differ from an attribute in the ER model?,DBMS,ER Model
What is the difference between a strong entity and a weak entity in the ER model?,DBMS,ER Model
Why is a weak entity dependent on the existence of a strong entity?,DBMS,ER Model
How does the ER model represent relationships between two or more entities?,DBMS,ER Model
What is the significance of cardinality in describing relationships in the ER model?,DBMS,ER Model
How would you model a many-to-many relationship in the ER model before converting it to tables?,DBMS,ER Model
What is the difference between a total participation and a partial participation constraint?,DBMS,ER Model
How does a derived attribute differ from a stored attribute in the ER model?,DBMS,ER Model
Why is identifying primary keys an essential step while designing the ER model?,DBMS,ER Model
What is the role of a relationship set in connecting multiple entity sets?,DBMS,ER Model
How would you represent a recursive relationship in the ER model?,DBMS,ER Model
Why is the ER model considered a high-level conceptual design tool rather than an implementation-ready structure?,DBMS,ER Model
"What do rectangles, ovals, and diamonds typically represent in an ER diagram?",DBMS,ER Diagrams
How would you convert a many-to-many relationship in an ER diagram into relational tables?,DBMS,ER Diagrams
Why is a weak entity represented with a double rectangle in an ER diagram?,DBMS,ER Diagrams
How does an ER diagram help identify redundant or missing relationships before implementation?,DBMS,ER Diagrams
What is the significance of using double lines to represent total participation in an ER diagram?,DBMS,ER Diagrams
How would you represent a multivalued attribute in an ER diagram?,DBMS,ER Diagrams
Why might a composite attribute be broken down into simpler attributes in an ER diagram?,DBMS,ER Diagrams
How can an ER diagram be translated into a set of relational schemas?,DBMS,ER Diagrams
What is the purpose of using a diamond shape to denote a relationship in an ER diagram?,DBMS,ER Diagrams
How would you handle a ternary relationship involving three entities in an ER diagram?,DBMS,ER Diagrams
"What is a relation in the context of the relational model, and how does it map to a table?",DBMS,Relational Model
Why must every tuple in a relation be unique according to the relational model?,DBMS,Relational Model
What is the difference between a relation schema and a relation instance?,DBMS,Relational Model
How does the relational model enforce that attribute values are atomic?,DBMS,Relational Model
Why is the order of tuples in a relation considered insignificant?,DBMS,Relational Model
What is the significance of a domain in defining the set of allowable values for an attribute?,DBMS,Relational Model
How does the relational model differ from the hierarchical model in representing relationships?,DBMS,Relational Model
What is the purpose of integrity constraints within the relational model?,DBMS,Relational Model
How would you represent a one-to-many relationship using relational tables?,DBMS,Relational Model
Why is the relational model considered mathematically grounded compared to earlier data models?,DBMS,Relational Model
"What is a degree of a relation, and how does it relate to the number of attributes?",DBMS,Relational Model
How does referential integrity maintain consistency between two related tables?,DBMS,Relational Model
What is the purpose of the selection operation in relational algebra?,DBMS,Relational Algebra
How does the projection operation differ from the selection operation in relational algebra?,DBMS,Relational Algebra
What is the result of performing a Cartesian product between two relations?,DBMS,Relational Algebra
How does the join operation in relational algebra combine information from two relations?,DBMS,Relational Algebra
Why is the set difference operation only valid between union-compatible relations?,DBMS,Relational Algebra
What is the difference between a natural join and a theta join in relational algebra?,DBMS,Relational Algebra
How would you express a query to find common tuples between two relations using relational algebra?,DBMS,Relational Algebra
What is the purpose of the rename operation in relational algebra?,DBMS,Relational Algebra
How does the division operation in relational algebra help answer for-all type queries?,DBMS,Relational Algebra
Why is relational algebra considered a procedural query language?,DBMS,Relational Algebra
How would you translate an SQL SELECT query with a WHERE clause into relational algebra?,DBMS,Relational Algebra
What is the significance of the closure property in relational algebra operations?,DBMS,Relational Algebra
What is the difference between tuple relational calculus and domain relational calculus?,DBMS,Relational Calculus
Why is relational calculus considered a declarative approach compared to relational algebra?,DBMS,Relational Calculus
How would you express a simple selection query using tuple relational calculus?,DBMS,Relational Calculus
What is the role of quantifiers in formulating queries using relational calculus?,DBMS,Relational Calculus
Why are relational algebra and relational calculus considered equivalent in expressive power?,DBMS,Relational Calculus
How does domain relational calculus differ from tuple relational calculus in terms of variables used?,DBMS,Relational Calculus
Why is a key necessary to uniquely identify a tuple within a relation?,DBMS,Keys
What is the difference between a super key and a candidate key?,DBMS,Keys
How would you determine the minimal set of attributes that qualifies as a candidate key?,DBMS,Keys
Why can a relation have more than one candidate key?,DBMS,Keys
What is the difference between a simple key and a composite key?,DBMS,Keys
How does a key help enforce entity integrity within a relational database?,DBMS,Keys
Why is selecting an appropriate primary key important during database design?,DBMS,Keys
What is the role of a key in establishing relationships between two tables?,DBMS,Keys
How would you identify redundant attributes while determining a candidate key?,DBMS,Keys
Why must a key attribute avoid null values in most relational database implementations?,DBMS,Keys
Why can a primary key not contain null values in a relational table?,DBMS,Primary Key
How does a primary key enforce uniqueness for every row in a table?,DBMS,Primary Key
What is the difference between a primary key and a unique key?,DBMS,Primary Key
Why might a composite primary key be necessary when no single column can uniquely identify a row?,DBMS,Primary Key
How does defining a primary key automatically create an index in most database systems?,DBMS,Primary Key
What happens if you attempt to insert a duplicate value into a primary key column?,DBMS,Primary Key
Why is changing the value of a primary key generally discouraged in database design?,DBMS,Primary Key
How does a primary key relate to the concept of entity integrity in the relational model?,DBMS,Primary Key
What is the purpose of a foreign key in maintaining relationships between two tables?,DBMS,Foreign Key
How does a foreign key enforce referential integrity in a relational database?,DBMS,Foreign Key
What happens when you try to insert a value into a foreign key column that does not exist in the referenced table?,DBMS,Foreign Key
Why might a foreign key be allowed to contain null values while a primary key cannot?,DBMS,Foreign Key
How would you handle deletion of a parent record when a foreign key constraint exists in the child table?,DBMS,Foreign Key
What is the difference between ON DELETE CASCADE and ON DELETE SET NULL for a foreign key?,DBMS,Foreign Key
Why is a foreign key not required to be unique within its own table?,DBMS,Foreign Key
How does a foreign key relate a child table to its corresponding parent table?,DBMS,Foreign Key
What is the difference between a candidate key and a primary key once one is chosen?,DBMS,Candidate Key
Why are candidate keys that are not selected as the primary key called alternate keys?,DBMS,Candidate Key
How would you identify all candidate keys for a relation given its functional dependencies?,DBMS,Candidate Key
Why must a candidate key satisfy both uniqueness and minimality?,DBMS,Candidate Key
How can a relation have multiple candidate keys but only one primary key?,DBMS,Candidate Key
What is the significance of a candidate key in normalization theory?,DBMS,Candidate Key
What is the purpose of a NOT NULL constraint in a relational table?,DBMS,Constraints
How does a CHECK constraint help enforce domain-specific rules on column values?,DBMS,Constraints
What is the difference between entity integrity and referential integrity constraints?,DBMS,Constraints
Why is a UNIQUE constraint different from a PRIMARY KEY constraint despite both enforcing uniqueness?,DBMS,Constraints
How would you enforce that a discount column never holds a negative value using a constraint?,DBMS,Constraints
What happens when an insert operation violates a referential integrity constraint?,DBMS,Constraints
Why are constraints considered essential for maintaining data quality in a database?,DBMS,Constraints
How does a DEFAULT constraint simplify data entry for a column?,DBMS,Constraints
What is the role of domain constraints in restricting the values an attribute can take?,DBMS,Constraints
"How would you enforce a business rule, such as an employee's age being above eighteen, using constraints?",DBMS,Constraints
"What is a functional dependency, and how is it represented between two attributes?",DBMS,Functional Dependencies
Why is identifying functional dependencies a crucial first step in normalization?,DBMS,Functional Dependencies
What is the difference between a full functional dependency and a partial functional dependency?,DBMS,Functional Dependencies
How does a transitive functional dependency arise between non-key attributes?,DBMS,Functional Dependencies
What is the significance of Armstrong's axioms in reasoning about functional dependencies?,DBMS,Functional Dependencies
How would you compute the closure of a set of attributes given a set of functional dependencies?,DBMS,Functional Dependencies
Why is finding a minimal cover of functional dependencies useful in database design?,DBMS,Functional Dependencies
What is the difference between a trivial and a non-trivial functional dependency?,DBMS,Functional Dependencies
How does a functional dependency help determine candidate keys of a relation?,DBMS,Functional Dependencies
Why can two different sets of functional dependencies be considered equivalent?,DBMS,Functional Dependencies
How would you check whether a given functional dependency is implied by a given set of dependencies?,DBMS,Functional Dependencies
What is the practical impact of ignoring functional dependencies during schema design?,DBMS,Functional Dependencies
Why is normalization performed during the process of relational database design?,DBMS,Normalization
What is the primary goal of normalization in terms of reducing data anomalies?,DBMS,Normalization
"How does normalization help eliminate insertion, deletion, and update anomalies?",DBMS,Normalization
What is the difference between normalization and denormalization in terms of design objectives?,DBMS,Normalization
Why might over-normalization lead to performance issues due to excessive joins?,DBMS,Normalization
How would you decide the appropriate normal form for a given database schema?,DBMS,Normalization
What is the relationship between functional dependencies and the process of normalization?,DBMS,Normalization
Why is normalization considered a lossless decomposition process when done correctly?,DBMS,Normalization
How does dependency preservation factor into choosing a normalization strategy?,DBMS,Normalization
What is the difference between a lossy and a lossless decomposition during normalization?,DBMS,Normalization
How would you identify redundancy in a table that indicates it needs further normalization?,DBMS,Normalization
Why is normalization particularly important in transactional systems compared to reporting systems?,DBMS,Normalization
How does normalization affect the number of tables in a database schema?,DBMS,Normalization
What challenges might arise when normalizing a table that has multiple overlapping candidate keys?,DBMS,Normalization
How would you explain the trade-off between normalization and query performance to a beginner?,DBMS,Normalization
Why is understanding normal forms considered essential knowledge for database design interviews?,DBMS,Normalization
How does normalization theory relate to real-world scenarios such as designing a student management system?,DBMS,Normalization
What condition must a relation satisfy to be in the first normal form?,DBMS,1NF
Why does storing multiple values in a single column violate first normal form?,DBMS,1NF
How would you convert a table with a repeating group of values into first normal form?,DBMS,1NF
What is the difference between an atomic value and a composite value in the context of 1NF?,DBMS,1NF
Why is first normal form considered the most basic level of normalization?,DBMS,1NF
How does violating 1NF affect the ability to query individual data values efficiently?,DBMS,1NF
What is an example of a table structure that fails to satisfy first normal form?,DBMS,1NF
How would you redesign a table storing comma-separated phone numbers to comply with 1NF?,DBMS,1NF
What additional condition must a relation satisfy to move from 1NF to 2NF?,DBMS,2NF
Why does second normal form specifically address partial functional dependencies?,DBMS,2NF
How would you identify a partial dependency in a table with a composite primary key?,DBMS,2NF
What happens to a table that is in 1NF but has a non-prime attribute depending on part of the key?,DBMS,2NF
How would you decompose a table to eliminate partial dependencies and achieve 2NF?,DBMS,2NF
Why does second normal form become irrelevant for tables with a single-column primary key?,DBMS,2NF
What is an example of an anomaly that arises when a relation is in 1NF but not 2NF?,DBMS,2NF
How does achieving 2NF help reduce redundancy caused by composite keys?,DBMS,2NF
What condition distinguishes third normal form from second normal form?,DBMS,3NF
How does third normal form eliminate transitive dependencies between non-key attributes?,DBMS,3NF
Why is a relation in 3NF considered free from most common update anomalies?,DBMS,3NF
How would you identify a transitive dependency within a table already in 2NF?,DBMS,3NF
What is an example of a table that satisfies 2NF but violates 3NF?,DBMS,3NF
How would you decompose a table to remove transitive dependencies and achieve 3NF?,DBMS,3NF
Why is 3NF often considered a practical balance between normalization and performance?,DBMS,3NF
What is the difference between 3NF and BCNF in terms of the strictness of dependency rules?,DBMS,3NF
How does achieving 3NF affect the design of foreign key relationships between tables?,DBMS,3NF
Why might a database designer stop normalization at 3NF for most business applications?,DBMS,3NF
What condition must a relation satisfy to be in Boyce-Codd Normal Form?,DBMS,BCNF
How does BCNF differ from 3NF in handling certain types of functional dependencies?,DBMS,BCNF
Why can a relation satisfy 3NF but still violate BCNF?,DBMS,BCNF
How would you identify a violation of BCNF in a relation with overlapping candidate keys?,DBMS,BCNF
What is the trade-off between achieving BCNF and preserving all functional dependencies?,DBMS,BCNF
How would you decompose a relation that violates BCNF into BCNF-compliant relations?,DBMS,BCNF
Why is BCNF considered a stricter form of normalization compared to 3NF?,DBMS,BCNF
What is an example scenario where decomposing into BCNF results in loss of dependency preservation?,DBMS,BCNF
Why might a database designer choose denormalization despite the risk of data redundancy?,DBMS,Denormalization
What is the trade-off between denormalization and read performance in reporting systems?,DBMS,Denormalization
How does denormalization typically improve query performance in read-heavy applications?,DBMS,Denormalization
Why must additional care be taken to maintain consistency in a denormalized schema?,DBMS,Denormalization
How would you decide whether a given table should be denormalized for a data warehouse?,DBMS,Denormalization
What is an example of a scenario where denormalization is preferred over strict normalization?,DBMS,Denormalization
What is the difference between SQL and a database management system itself?,DBMS,SQL
Why is SQL classified as a declarative language rather than a procedural one?,DBMS,SQL
How does the WHERE clause differ from the HAVING clause in filtering data?,DBMS,SQL
What is the purpose of the DISTINCT keyword in an SQL query?,DBMS,SQL
How would you write a query to find employees who do not have a manager assigned?,DBMS,SQL
What is the difference between the UNION and UNION ALL operators in SQL?,DBMS,SQL
How does the ORDER BY clause affect the presentation of query results?,DBMS,SQL
What is the purpose of using aliases for tables and columns in SQL queries?,DBMS,SQL
How would you retrieve the second-highest salary from an employee table using SQL?,DBMS,SQL
Why does the order of clauses in an SQL query matter for correct execution?,DBMS,SQL
What is the difference between IN and EXISTS when used in an SQL query?,DBMS,SQL
How would you write a query to find duplicate records in a table?,DBMS,SQL
What is the purpose of the LIKE operator when searching for pattern matches in SQL?,DBMS,SQL
How does the CASE expression allow conditional logic within an SQL query?,DBMS,SQL
What is the difference between a correlated and a non-correlated subquery?,DBMS,SQL
How would you update multiple columns of a table based on a condition using SQL?,DBMS,SQL
Why is it considered bad practice to use SELECT star in production queries?,DBMS,SQL
How would you write a query to count the number of employees in each department?,DBMS,SQL
What is the significance of the LIMIT or TOP clause in restricting query results?,DBMS,SQL
How does SQL handle NULL values differently from regular values during comparisons?,DBMS,SQL
What is the purpose of Data Definition Language commands in SQL?,DBMS,DDL
How does the CREATE TABLE statement define the structure of a new table?,DBMS,DDL
What is the difference between the ALTER and TRUNCATE commands in DDL?,DBMS,DDL
Why does dropping a table remove both its structure and data permanently?,DBMS,DDL
How would you modify an existing table to add a new column using DDL?,DBMS,DDL
What is the difference between DROP and TRUNCATE in terms of transaction logging?,DBMS,DDL
Why are DDL commands typically auto-committed in most database systems?,DBMS,DDL
How would you rename an existing column of a table using a DDL command?,DBMS,DDL
What is the purpose of Data Manipulation Language commands in SQL?,DBMS,DML
How does the INSERT statement differ when adding a single row versus multiple rows?,DBMS,DML
What is the difference between UPDATE and DELETE commands in terms of their effect on rows?,DBMS,DML
Why must a WHERE clause be used carefully with UPDATE and DELETE statements?,DBMS,DML
How would you insert data into a table using values selected from another table?,DBMS,DML
What happens if you execute a DELETE statement without a WHERE clause?,DBMS,DML
Why are DML operations typically subject to transaction control unlike DDL operations?,DBMS,DML
How would you use DML to modify only specific rows that satisfy multiple conditions?,DBMS,DML
What is the purpose of Data Control Language commands in a database system?,DBMS,DCL
How does the GRANT command allow a database administrator to assign privileges to users?,DBMS,DCL
What is the difference between the GRANT and REVOKE commands?,DBMS,DCL
Why is controlling user privileges through DCL important for database security?,DBMS,DCL
How would you restrict a user from modifying a specific table using DCL commands?,DBMS,DCL
What is the purpose of Transaction Control Language commands in SQL?,DBMS,TCL
How does the COMMIT command make changes made during a transaction permanent?,DBMS,TCL
What is the role of the ROLLBACK command when a transaction encounters an error?,DBMS,TCL
How does a SAVEPOINT allow partial rollback within a larger transaction?,DBMS,TCL
Why is understanding TCL commands essential when working with multi-step transactions?,DBMS,TCL
How would you write a SELECT query to retrieve only unique department names from a table?,DBMS,SELECT Queries
What is the difference between selecting specific columns and using a wildcard in a SELECT statement?,DBMS,SELECT Queries
How would you filter records where a column value falls within a specific range?,DBMS,SELECT Queries
What is the purpose of combining multiple conditions using AND and OR in a SELECT query?,DBMS,SELECT Queries
How would you retrieve rows where a column value is either null or a specific value?,DBMS,SELECT Queries
What is the significance of using BETWEEN instead of two separate comparison conditions?,DBMS,SELECT Queries
How would you write a query to fetch the top three highest-paid employees from a table?,DBMS,SELECT Queries
What is the difference between filtering data before and after aggregation in a SELECT query?,DBMS,SELECT Queries
How would you retrieve records sorted by multiple columns in different orders?,DBMS,SELECT Queries
What is the purpose of using a WHERE clause with a subquery inside a SELECT statement?,DBMS,SELECT Queries
How would you write a query to list employees whose names start with a specific letter?,DBMS,SELECT Queries
What is the difference between selecting from a single table and selecting from multiple joined tables?,DBMS,SELECT Queries
How would you retrieve distinct combinations of two columns from a table?,DBMS,SELECT Queries
What is the difference between an inner join and an outer join in SQL?,DBMS,Joins
How does a left outer join differ from a right outer join in terms of unmatched rows?,DBMS,Joins
"What is the purpose of a full outer join, and when would you use it?",DBMS,Joins
How does a self join allow a table to be joined with itself?,DBMS,Joins
What is the difference between a natural join and an equi join?,DBMS,Joins
How would you join three tables together to retrieve related information across all of them?,DBMS,Joins
Why can an inner join exclude rows that have no matching value in the other table?,DBMS,Joins
"What is a cross join, and how does it differ from other types of joins?",DBMS,Joins
How would you use a join to find employees who do not belong to any department?,DBMS,Joins
What is the performance implication of joining large tables without proper indexing?,DBMS,Joins
How does a join condition specified in the ON clause differ from filtering with WHERE after the join?,DBMS,Joins
Why might a query using multiple joins return duplicate rows unexpectedly?,DBMS,Joins
How would you rewrite a query using a join instead of a nested subquery for better readability?,DBMS,Joins
What is the difference between joining on a primary key versus joining on a non-key column?,DBMS,Joins
How would you find records that exist in one table but not in another using a join?,DBMS,Joins
Why is understanding join order important when working with very large datasets?,DBMS,Joins
How does a semi join conceptually differ from a standard inner join?,DBMS,Joins
"What is a subquery, and how does it differ from a standalone query?",DBMS,Subqueries
How would you use a subquery in the WHERE clause to filter results based on another table?,DBMS,Subqueries
What is the difference between a scalar subquery and a subquery that returns multiple rows?,DBMS,Subqueries
How does a subquery in the FROM clause function as a temporary derived table?,DBMS,Subqueries
Why must a scalar subquery return exactly one row and one column?,DBMS,Subqueries
How would you use a subquery to find employees earning more than the average salary?,DBMS,Subqueries
What is the difference between using a subquery and using a join to solve the same problem?,DBMS,Subqueries
How can a subquery be used within an INSERT statement to populate a table?,DBMS,Subqueries
Why might a subquery in the SELECT clause be used to compute a derived column?,DBMS,Subqueries
"How would you use a subquery with the NOT IN operator, and what pitfall should you watch for with nulls?",DBMS,Subqueries
What is the performance consideration when using subqueries versus joins for large datasets?,DBMS,Subqueries
How would you use a subquery to check for the existence of related records in another table?,DBMS,Subqueries
What is the difference between a nested query and a correlated subquery?,DBMS,Nested Queries
How does a nested query execute in relation to its outer query?,DBMS,Nested Queries
Why does a correlated subquery execute once for every row processed by the outer query?,DBMS,Nested Queries
How would you write a nested query to find the department with the highest average salary?,DBMS,Nested Queries
What is the performance impact of deeply nested queries compared to flattened joins?,DBMS,Nested Queries
How can a nested query be used to filter results based on aggregated values from another table?,DBMS,Nested Queries
Why might a nested query be rewritten as a join for better query optimization?,DBMS,Nested Queries
How would you use a nested query inside an UPDATE statement to modify rows conditionally?,DBMS,Nested Queries
"What is the purpose of the COUNT function, and how does it behave with null values?",DBMS,Aggregate Functions
How does the SUM function differ from the AVG function when applied to a numeric column?,DBMS,Aggregate Functions
What is the difference between MAX and MIN when applied to a date column?,DBMS,Aggregate Functions
How would you use an aggregate function to find the total number of distinct departments?,DBMS,Aggregate Functions
Why must non-aggregated columns typically appear in the GROUP BY clause alongside aggregate functions?,DBMS,Aggregate Functions
How would you calculate the average salary per department using an aggregate function?,DBMS,Aggregate Functions
What is the difference between aggregate functions applied with and without the DISTINCT keyword?,DBMS,Aggregate Functions
How does COUNT star differ from COUNT applied to a specific column?,DBMS,Aggregate Functions
Why might an aggregate function return NULL rather than zero when no rows match the condition?,DBMS,Aggregate Functions
How would you find the department with the maximum number of employees using aggregation?,DBMS,Aggregate Functions
What is the significance of combining aggregate functions with the HAVING clause?,DBMS,Aggregate Functions
How would you compute a running total using aggregate functions in a query?,DBMS,Aggregate Functions
What is the purpose of the GROUP BY clause in an SQL query?,DBMS,GROUP BY / HAVING
How does the HAVING clause differ from the WHERE clause in filtering data?,DBMS,GROUP BY / HAVING
Why must the HAVING clause be used instead of WHERE when filtering on an aggregated value?,DBMS,GROUP BY / HAVING
How would you group records by multiple columns to produce a detailed summary?,DBMS,GROUP BY / HAVING
What happens if you include a non-aggregated column in the SELECT list without adding it to GROUP BY?,DBMS,GROUP BY / HAVING
How would you write a query to find departments having more than five employees?,DBMS,GROUP BY / HAVING
Why is the GROUP BY clause typically executed before the HAVING clause in query processing?,DBMS,GROUP BY / HAVING
How can GROUP BY be combined with ORDER BY to sort aggregated results?,DBMS,GROUP BY / HAVING
What is the difference between filtering rows before grouping versus filtering groups after aggregation?,DBMS,GROUP BY / HAVING
How would you find the total sales per region while excluding regions with zero sales?,DBMS,GROUP BY / HAVING
"What is a view, and how does it differ from a physical table in a database?",DBMS,Views
Why might a view be used to simplify access to a complex multi-table query?,DBMS,Views
What is the difference between a simple view and a complex view?,DBMS,Views
How does an updatable view allow changes to underlying base tables?,DBMS,Views
Why can views be used as a security mechanism to restrict access to sensitive columns?,DBMS,Views
What happens to a view when the underlying base table's structure is altered?,DBMS,Views
How does a materialized view differ from a standard view in terms of data storage?,DBMS,Views
Why might querying a view sometimes be slower than querying the underlying tables directly?,DBMS,Views
"What is a stored procedure, and how does it differ from a regular SQL query?",DBMS,Stored Procedures
Why might a stored procedure improve performance for repeatedly executed operations?,DBMS,Stored Procedures
How does a stored procedure help enforce business logic within the database layer?,DBMS,Stored Procedures
What is the difference between input and output parameters in a stored procedure?,DBMS,Stored Procedures
Why can stored procedures reduce network traffic between an application and the database?,DBMS,Stored Procedures
How would you handle errors within a stored procedure using exception handling?,DBMS,Stored Procedures
What is the difference between a stored procedure and a user-defined function?,DBMS,Stored Procedures
How does version control become challenging when business logic resides in stored procedures?,DBMS,Stored Procedures
"What is a trigger, and how does it differ from a stored procedure in terms of invocation?",DBMS,Triggers
How does a BEFORE trigger differ from an AFTER trigger in terms of execution timing?,DBMS,Triggers
Why might a trigger be used to maintain an audit log of changes to a table?,DBMS,Triggers
What is the difference between a row-level trigger and a statement-level trigger?,DBMS,Triggers
How can a trigger enforce a business rule that cannot be expressed through simple constraints?,DBMS,Triggers
Why should triggers be used cautiously due to their impact on performance and debugging complexity?,DBMS,Triggers
How would you use a trigger to automatically update a related table when a record is inserted?,DBMS,Triggers
What is the risk of creating recursive or cascading triggers within a database?,DBMS,Triggers
Why does an index improve the speed of data retrieval in a database?,DBMS,Indexing
What is the trade-off between having many indexes and the performance of insert and update operations?,DBMS,Indexing
How does a clustered index differ from a non-clustered index?,DBMS,Indexing
Why is choosing the right column for indexing important for query performance?,DBMS,Indexing
How would you decide whether a composite index is beneficial for a given query pattern?,DBMS,Indexing
What is the difference between a unique index and a regular index?,DBMS,Indexing
How does indexing affect the performance of range queries compared to equality queries?,DBMS,Indexing
Why might an index not be used by the query optimizer even when one exists on a column?,DBMS,Indexing
How does a covering index reduce the need to access the base table during a query?,DBMS,Indexing
What is the impact of indexing on storage space in a database?,DBMS,Indexing
How would you determine which columns to index based on query patterns in an application?,DBMS,Indexing
Why can excessive indexing degrade the performance of write-heavy workloads?,DBMS,Indexing
How does an index on a foreign key column typically improve join performance?,DBMS,Indexing
Why is the B+ tree the most commonly used structure for implementing database indexes?,DBMS,B-Trees / B+ Trees
How does a B+ tree differ from a B-tree in terms of where data is stored?,DBMS,B-Trees / B+ Trees
What is the significance of leaf nodes being linked together in a B+ tree?,DBMS,B-Trees / B+ Trees
How does the height of a B+ tree affect the number of disk accesses required for a search?,DBMS,B-Trees / B+ Trees
Why does a B+ tree remain balanced even after multiple insertions and deletions?,DBMS,B-Trees / B+ Trees
How would you perform a range query efficiently using a B+ tree index?,DBMS,B-Trees / B+ Trees
What is the process of splitting a node when a B+ tree becomes full during insertion?,DBMS,B-Trees / B+ Trees
Why is a B+ tree preferred over a binary search tree for disk-based indexing?,DBMS,B-Trees / B+ Trees
How does the order of a B+ tree influence its fan-out and overall height?,DBMS,B-Trees / B+ Trees
What happens during node merging when a deletion causes underflow in a B+ tree?,DBMS,B-Trees / B+ Trees
How does hash indexing differ from B+ tree indexing in terms of supporting range queries?,DBMS,Hash Indexing
Why is hash indexing particularly efficient for exact-match queries?,DBMS,Hash Indexing
What is the impact of hash collisions on the performance of a hash index?,DBMS,Hash Indexing
How does extendible hashing handle the growth of a hash index over time?,DBMS,Hash Indexing
Why is hash indexing generally unsuitable for queries involving sorting or ranges?,DBMS,Hash Indexing
How would you decide between a hash index and a B+ tree index for a given column?,DBMS,Hash Indexing
What are the main steps involved in processing an SQL query within a DBMS?,DBMS,Query Processing
How does a query parser transform an SQL statement into an internal representation?,DBMS,Query Processing
What is the role of the query optimizer during query processing?,DBMS,Query Processing
How does a database system generate multiple execution plans for the same query?,DBMS,Query Processing
Why is estimating the cost of different execution plans important during query processing?,DBMS,Query Processing
What is the difference between logical and physical query plans?,DBMS,Query Processing
How does the query execution engine use the chosen plan to retrieve results?,DBMS,Query Processing
Why can two syntactically different queries produce the same execution plan?,DBMS,Query Processing
What is the primary goal of query optimization in a database system?,DBMS,Query Optimization
How does a query optimizer use statistics about table size and data distribution?,DBMS,Query Optimization
Why might rewriting a query using joins instead of subqueries improve performance?,DBMS,Query Optimization
How does the order of joins affect the overall cost of executing a multi-table query?,DBMS,Query Optimization
What is the role of an execution plan in understanding how a query optimizer processes a query?,DBMS,Query Optimization
Why can adding an index sometimes fail to improve the performance of a poorly written query?,DBMS,Query Optimization
How would you use the EXPLAIN command to analyze the performance of a slow query?,DBMS,Query Optimization
What is the difference between rule-based and cost-based query optimization?,DBMS,Query Optimization
How does selecting only the necessary columns instead of using SELECT star aid optimization?,DBMS,Query Optimization
Why might filtering data early in a query improve overall execution efficiency?,DBMS,Query Optimization
How does query optimization differ when working with distributed databases compared to a single server?,DBMS,Query Optimization
What is the significance of avoiding functions on indexed columns within WHERE clauses for optimization?,DBMS,Query Optimization
"What is a transaction, and why is it treated as a single logical unit of work?",DBMS,Transactions
How does a transaction ensure that partial updates are not visible to other users?,DBMS,Transactions
What is the difference between an implicit and an explicit transaction?,DBMS,Transactions
How would you design a transaction to transfer funds between two bank accounts safely?,DBMS,Transactions
Why must a transaction either fully complete or have no effect at all?,DBMS,Transactions
What is the significance of the transaction log in supporting rollback operations?,DBMS,Transactions
How does a long-running transaction affect the performance of other concurrent transactions?,DBMS,Transactions
Why is it important to keep transactions as short as possible in high-concurrency systems?,DBMS,Transactions
How would you handle a transaction that fails midway due to a system crash?,DBMS,Transactions
What is the difference between a nested transaction and a flat transaction?,DBMS,Transactions
How does a transaction interact with locking mechanisms to maintain consistency?,DBMS,Transactions
Why might a transaction be rolled back even after some of its statements have executed successfully?,DBMS,Transactions
How would you explain the concept of a transaction boundary to someone new to databases?,DBMS,Transactions
What does the atomicity property of a transaction guarantee about its execution?,DBMS,ACID Properties
How does the consistency property ensure that a database moves from one valid state to another?,DBMS,ACID Properties
What is the significance of isolation in preventing transactions from interfering with each other?,DBMS,ACID Properties
Why is durability critical once a transaction has been committed?,DBMS,ACID Properties
How would you explain a scenario where violating atomicity could corrupt a database?,DBMS,ACID Properties
What is the relationship between isolation levels and the strictness of the isolation property?,DBMS,ACID Properties
How does durability rely on mechanisms such as write-ahead logging?,DBMS,ACID Properties
Why might a system sacrifice strict consistency for performance in certain distributed scenarios?,DBMS,ACID Properties
How would you demonstrate the importance of ACID properties using a bank transfer example?,DBMS,ACID Properties
What happens to a transaction's changes if a power failure occurs before it commits?,DBMS,ACID Properties
Why are ACID properties considered less strictly enforced in some NoSQL databases?,DBMS,ACID Properties
How do ACID properties collectively contribute to the reliability of a database system?,DBMS,ACID Properties
Why is concurrency control necessary when multiple transactions access the same data simultaneously?,DBMS,Concurrency Control
What is the difference between optimistic and pessimistic concurrency control approaches?,DBMS,Concurrency Control
How does two-phase locking help ensure serializability of concurrent transactions?,DBMS,Concurrency Control
"What is a dirty read, and how does concurrency control help prevent it?",DBMS,Concurrency Control
How does a non-repeatable read differ from a phantom read in concurrent transactions?,DBMS,Concurrency Control
Why might timestamp-based concurrency control be preferred over lock-based methods in certain systems?,DBMS,Concurrency Control
How does multiversion concurrency control allow readers and writers to operate without blocking each other?,DBMS,Concurrency Control
What is the significance of the growing and shrinking phases in two-phase locking?,DBMS,Concurrency Control
How would you resolve a conflict when two transactions attempt to update the same row simultaneously?,DBMS,Concurrency Control
Why can strict two-phase locking prevent cascading rollbacks?,DBMS,Concurrency Control
How does concurrency control differ in a distributed database compared to a single-node system?,DBMS,Concurrency Control
What is the trade-off between higher isolation levels and overall system throughput?,DBMS,Concurrency Control
What does it mean for a schedule of transactions to be serializable?,DBMS,Serializability
How does conflict serializability differ from view serializability?,DBMS,Serializability
Why is serializability considered the gold standard for correctness in concurrent transaction execution?,DBMS,Serializability
How would you use a precedence graph to test whether a schedule is conflict serializable?,DBMS,Serializability
What is the significance of a cycle in a precedence graph when checking serializability?,DBMS,Serializability
Why might a database system allow schedules that are not strictly serializable for performance reasons?,DBMS,Serializability
How does serializability relate to the isolation property among the ACID properties?,DBMS,Serializability
What is the difference between a serial schedule and a serializable schedule?,DBMS,Serializability
What is the difference between a shared lock and an exclusive lock?,DBMS,Locks
How does lock granularity affect the trade-off between concurrency and overhead?,DBMS,Locks
Why might row-level locking offer better concurrency than table-level locking?,DBMS,Locks
What is the purpose of intention locks in a multi-granularity locking scheme?,DBMS,Locks
How does a lock manager keep track of locks held by different transactions?,DBMS,Locks
Why can excessive locking lead to reduced throughput in a highly concurrent system?,DBMS,Locks
How would you explain lock escalation and why a database might perform it?,DBMS,Locks
What is the difference between a lock timeout and a deadlock in terms of resolution?,DBMS,Locks
How does two-phase locking relate to the acquisition and release of shared and exclusive locks?,DBMS,Locks
Why might a transaction be forced to wait when requesting a lock already held by another transaction?,DBMS,Locks
What are the necessary conditions for a deadlock to occur among database transactions?,DBMS,Deadlocks in DBMS
How does a wait-for graph help detect deadlocks in a database system?,DBMS,Deadlocks in DBMS
What is the difference between deadlock prevention and deadlock detection strategies?,DBMS,Deadlocks in DBMS
How would a database system decide which transaction to abort when resolving a deadlock?,DBMS,Deadlocks in DBMS
Why might timeout-based mechanisms be used as a simpler alternative to deadlock detection?,DBMS,Deadlocks in DBMS
How does deadlock prevention using resource ordering differ from detection-based approaches?,DBMS,Deadlocks in DBMS
What is the cost associated with rolling back a transaction chosen as a deadlock victim?,DBMS,Deadlocks in DBMS
How would you design a locking strategy to minimize the likelihood of deadlocks?,DBMS,Deadlocks in DBMS
What is the purpose of the recovery manager within a database management system?,DBMS,Recovery
How does the write-ahead logging protocol support crash recovery?,DBMS,Recovery
What is the difference between undo and redo operations during database recovery?,DBMS,Recovery
How does a checkpoint reduce the amount of work needed during recovery after a crash?,DBMS,Recovery
Why must log records be written to disk before the corresponding data changes in write-ahead logging?,DBMS,Recovery
How would a database system recover a transaction that was in progress during a system failure?,DBMS,Recovery
What is the significance of the recovery manager ensuring atomicity and durability together?,DBMS,Recovery
How does shadow paging serve as an alternative technique to log-based recovery?,DBMS,Recovery
What is the purpose of maintaining a transaction log in a database system?,DBMS,Logging
How does a log record typically capture the before and after values of a data change?,DBMS,Logging
Why is sequential writing to a log file more efficient than random access writes?,DBMS,Logging
How does log-based recovery use the transaction log to restore a consistent database state?,DBMS,Logging
What is the difference between physical logging and logical logging?,DBMS,Logging
Why must the log be flushed to stable storage before a transaction is considered committed?,DBMS,Logging
What is the difference between a full backup and an incremental backup strategy?,DBMS,Backup and Recovery
Why is a regular backup schedule critical for minimizing data loss in case of failure?,DBMS,Backup and Recovery
How does point-in-time recovery allow restoration of a database to a specific moment?,DBMS,Backup and Recovery
What is the significance of testing backup restoration procedures periodically?,DBMS,Backup and Recovery
How would you design a backup strategy for a database with very high transaction volume?,DBMS,Backup and Recovery
Why might a hot backup be preferred over a cold backup for systems requiring high availability?,DBMS,Backup and Recovery
"What is a distributed database, and how does it differ from a centralized database?",DBMS,Distributed Databases
Why does data replication improve availability in a distributed database system?,DBMS,Distributed Databases
What is the difference between data fragmentation and data replication in distributed databases?,DBMS,Distributed Databases
How does a distributed database handle a query that requires data from multiple sites?,DBMS,Distributed Databases
Why is maintaining consistency more challenging in a distributed database compared to a centralized one?,DBMS,Distributed Databases
What is the significance of the two-phase commit protocol in distributed transactions?,DBMS,Distributed Databases
How does horizontal fragmentation differ from vertical fragmentation in distributed databases?,DBMS,Distributed Databases
Why might network latency significantly impact the performance of a distributed database?,DBMS,Distributed Databases
What is the primary motivation behind the development of NoSQL databases?,DBMS,NoSQL
How does a NoSQL database differ from a traditional relational database in terms of schema?,DBMS,NoSQL
What is the difference between key-value stores and document-based NoSQL databases?,DBMS,NoSQL
Why might a NoSQL database be chosen over a relational database for handling large-scale unstructured data?,DBMS,NoSQL
How does a column-family NoSQL database organize data differently from a row-based relational table?,DBMS,NoSQL
What is the trade-off between consistency and availability commonly associated with NoSQL systems?,DBMS,NoSQL
Why do many NoSQL databases favor horizontal scaling over vertical scaling?,DBMS,NoSQL
"How does a graph database, as a type of NoSQL system, represent relationships between data points?",DBMS,NoSQL
What is the significance of eventual consistency in many NoSQL database systems?,DBMS,NoSQL
How would you decide between a relational database and a NoSQL database for a given application?,DBMS,NoSQL
What do the three properties in the CAP theorem represent for a distributed system?,DBMS,CAP Theorem
Why does the CAP theorem state that a distributed system can guarantee only two of the three properties during a network partition?,DBMS,CAP Theorem
How would you classify a database system as CP or AP based on the CAP theorem?,DBMS,CAP Theorem
What is the practical significance of the CAP theorem when designing distributed applications?,DBMS,CAP Theorem
Why is partition tolerance generally considered non-negotiable in real-world distributed systems?,DBMS,CAP Theorem
How does the CAP theorem influence the choice between strong and eventual consistency models?,DBMS,CAP Theorem
How does a document database like MongoDB store data differently from a relational table?,DBMS,MongoDB / Document Databases
What is the purpose of a collection in MongoDB compared to a table in a relational database?,DBMS,MongoDB / Document Databases
Why does MongoDB use a flexible schema instead of a fixed table structure?,DBMS,MongoDB / Document Databases
How does indexing in MongoDB compare to indexing in a traditional relational database?,DBMS,MongoDB / Document Databases
What is the significance of embedding versus referencing documents in MongoDB schema design?,DBMS,MongoDB / Document Databases
How would you model a one-to-many relationship in a document database like MongoDB?,DBMS,MongoDB / Document Databases
Why might a document database be preferred for applications with rapidly evolving data structures?,DBMS,MongoDB / Document Databases
How does MongoDB's aggregation pipeline compare to SQL's GROUP BY and aggregate functions?,DBMS,MongoDB / Document Databases
What is a computer network and why is it needed?,Computer Networks,Networking Fundamentals
Compare star and bus topology in terms of fault tolerance.,Computer Networks,Network Topologies
List the seven layers of the OSI model in order and give one responsibility of each.,Computer Networks,OSI Model
List the four layers of the TCP/IP model and map them to the corresponding OSI layers.,Computer Networks,TCP/IP Model
What are the key structural differences between the OSI model and the TCP/IP model?,Computer Networks,OSI vs TCP/IP
What is the responsibility of the Physical layer in a network?,Computer Networks,Physical Layer
"What are the two sublayers of the Data Link layer, and what does each one do?",Computer Networks,Data Link Layer
What are the main responsibilities of the Network layer?,Computer Networks,Network Layer
What core services does the Transport layer provide to applications?,Computer Networks,Transport Layer
"What is the role of the Application layer, and name three protocols that operate there.",Computer Networks,Application Layer
"What is Ethernet, and why has it remained the dominant LAN technology for decades?",Computer Networks,Ethernet
"What is a MAC address, and how is it different from an IP address?",Computer Networks,MAC Address
"What is the purpose of ARP, and when is it triggered on a host?",Computer Networks,ARP
"What is an IP address, and what two pieces of information does it typically encode?",Computer Networks,IP Addressing
"What is the total size of an IPv4 address, and how many addresses does that allow?",Computer Networks,IPv4
"Why was IPv6 introduced, and how does its address size solve the problem that motivated it?",Computer Networks,IPv6
"What is subnetting, and why do organizations subnet a large network instead of using it as one flat network?",Computer Networks,Subnetting
What problem does CIDR (Classless Inter-Domain Routing) solve compared to classful addressing?,Computer Networks,CIDR
"What is routing, and how does it differ from switching?",Computer Networks,Routing
"What is static routing, and in what kind of network is it most appropriate?",Computer Networks,Static Routing
"What is dynamic routing, and what advantage does it have over static routing in large networks?",Computer Networks,Dynamic Routing
What is the difference between a distance vector algorithm and a link state algorithm at a conceptual level?,Computer Networks,Routing Algorithms
How does a distance vector routing protocol decide the best path to a destination?,Computer Networks,Distance Vector Routing
How does a link state routing protocol build its view of the entire network topology?,Computer Networks,Link State Routing
"What type of routing protocol is RIP, and what metric does it use to select the best path?",Computer Networks,RIP
"What type of routing protocol is OSPF, and what metric does it use by default?",Computer Networks,OSPF
"What is BGP, and why is it described as the routing protocol of the Internet?",Computer Networks,BGP
What makes TCP a connection-oriented protocol?,Computer Networks,TCP
Why is UDP called a connectionless protocol?,Computer Networks,UDP
"Compare TCP and UDP in terms of reliability, ordering, and overhead.",Computer Networks,TCP vs UDP
What is the purpose of the TCP three-way handshake?,Computer Networks,TCP Three-Way Handshake
"How does TCP terminate a connection, and why does it typically require four segments?",Computer Networks,TCP Connection Termination
"What is flow control in networking, and which layer commonly implements it?",Computer Networks,Flow Control
"What is network congestion, and how does TCP detect that it may be occurring?",Computer Networks,Congestion Control
"What is HTTP, and is it a stateless or stateful protocol? Explain the implication.",Computer Networks,HTTP
"What is HTTPS, and how does it differ from HTTP at the protocol level?",Computer Networks,HTTPS
"What is the role of DNS in the Internet, and why is it often described as the Internet's phonebook?",Computer Networks,DNS
What problem does DHCP solve for devices joining a network?,Computer Networks,DHCP
"What is FTP used for, and why does it use two separate connections for control and data?",Computer Networks,FTP
"What is SMTP used for, and at which stage of email delivery does it operate?",Computer Networks,SMTP
What is the key difference between POP3 and IMAP in how they handle email storage?,Computer Networks,POP3 / IMAP
"What is ICMP used for, and is it a transport layer protocol like TCP or UDP?",Computer Networks,ICMP
"What is NAT, and why is it widely used in home and enterprise networks?",Computer Networks,NAT
"What is a firewall, and what is its primary purpose in a network?",Computer Networks,Firewalls
"What is a VPN, and how does it create a secure connection over an untrusted network like the Internet?",Computer Networks,VPN
"What is a proxy server, and how does it act as an intermediary between a client and the Internet?",Computer Networks,Proxy Servers
"What is a port number, and why does a host need more than just an IP address to identify a running service?",Computer Networks,Ports and Sockets
"What is client-server architecture, and how does it differ from peer-to-peer architecture?",Computer Networks,Client-Server Architecture
"What is the difference between confidentiality, integrity, and availability in the context of network security?",Computer Networks,Network Security
What is the difference between infrastructure mode and ad-hoc mode in a wireless network?,Computer Networks,Wi-Fi / Wireless Networks
"A user cannot access any website, but can successfully ping the router's IP address. What would you check next?",Computer Networks,Network Troubleshooting
"What is the difference between a hub, a switch, and a router?",Computer Networks,Network Devices
"Differentiate between a LAN, a MAN, and a WAN with one real-world example of each.",Computer Networks,Networking Fundamentals
"Why is a ring topology considered vulnerable to a single point of failure, and how is this usually solved?",Computer Networks,Network Topologies
"At which OSI layer does a router primarily operate, and why?",Computer Networks,OSI Model
"Why does the TCP/IP model combine the OSI Session, Presentation, and Application layers into one layer?",Computer Networks,TCP/IP Model
"Why does the TCP/IP model have fewer layers than the OSI model, and does that make it less capable?",Computer Networks,OSI vs TCP/IP
"Differentiate between guided and unguided transmission media, with one example of each.",Computer Networks,Physical Layer
"How does the Data Link layer provide error detection, and name one technique used for it.",Computer Networks,Data Link Layer
Differentiate between logical addressing and physical addressing.,Computer Networks,Network Layer
Explain how port numbers allow multiple applications to use the network simultaneously.,Computer Networks,Transport Layer
Why do Application layer protocols rely on the layers below them instead of managing reliability themselves?,Computer Networks,Application Layer
"What is the minimum and maximum frame size in standard Ethernet, and why do these limits exist?",Computer Networks,Ethernet
Why are MAC addresses considered to operate only within a local network segment?,Computer Networks,MAC Address
Explain step by step what happens when a host sends an ARP request for an unknown MAC address.,Computer Networks,ARP
"Differentiate between a public IP address and a private IP address, and give one private address range.",Computer Networks,IP Addressing
List the five classes of IPv4 addresses and give the first-octet range for each.,Computer Networks,IPv4
"How many bits does an IPv6 address use, and how is it typically written?",Computer Networks,IPv6
"For the network 192.168.10.0/26, how many usable host addresses are available per subnet?",Computer Networks,Subnetting
What does the /24 in an address like 203.0.113.0/24 represent?,Computer Networks,CIDR
Explain the purpose of a default gateway in a host's routing configuration.,Computer Networks,Routing
What is a major drawback of static routing in a network that changes frequently?,Computer Networks,Static Routing
Why do dynamic routing protocols need periodic or triggered updates?,Computer Networks,Dynamic Routing
Why do link state algorithms generally converge faster than distance vector algorithms?,Computer Networks,Routing Algorithms
"What is split horizon, and how does it help prevent routing loops in distance vector protocols?",Computer Networks,Distance Vector Routing
"What algorithm do link state protocols typically use to compute the shortest path, and how does it work at a high level?",Computer Networks,Link State Routing
"Why is RIP limited to a maximum hop count of 15, and what happens beyond that?",Computer Networks,RIP
"Why does OSPF use the concept of 'areas', and how does this help scalability?",Computer Networks,OSPF
Differentiate between eBGP and iBGP.,Computer Networks,BGP
"Explain how TCP guarantees reliable, in-order delivery of data.",Computer Networks,TCP
"What real-world applications prefer UDP over TCP, and why?",Computer Networks,UDP
An online multiplayer game uses UDP instead of TCP for real-time position updates. Justify this design choice.,Computer Networks,TCP vs UDP
"Describe the exact sequence of SYN, SYN-ACK, and ACK segments exchanged during TCP connection establishment.",Computer Networks,TCP Three-Way Handshake
"What is the TIME_WAIT state in TCP, and why does a connection remain in it after closing?",Computer Networks,TCP Connection Termination
How does TCP's sliding window mechanism prevent a fast sender from overwhelming a slow receiver?,Computer Networks,Flow Control
Explain how TCP's slow start algorithm works.,Computer Networks,Congestion Control
What is the difference between an HTTP GET request and a POST request?,Computer Networks,HTTP
Explain the role of TLS/SSL in securing an HTTPS connection.,Computer Networks,HTTPS
Explain step by step how a browser resolves www.example.com to an IP address.,Computer Networks,DNS
"Describe the DORA process (Discover, Offer, Request, Acknowledge) used by DHCP.",Computer Networks,DHCP
What is the difference between active mode and passive mode FTP?,Computer Networks,FTP
Why does SMTP alone not allow a user to retrieve their email from a mail server?,Computer Networks,SMTP
Why might a user who checks email from multiple devices prefer IMAP over POP3?,Computer Networks,POP3 / IMAP
Explain how the ping command uses ICMP Echo Request and Echo Reply messages.,Computer Networks,ICMP
Explain the difference between static NAT and dynamic NAT.,Computer Networks,NAT
Differentiate between a packet-filtering firewall and a stateful firewall.,Computer Networks,Firewalls
Explain the concept of tunneling as used by VPNs.,Computer Networks,VPN
Differentiate between a forward proxy and a reverse proxy.,Computer Networks,Proxy Servers
"What is a socket, and what two pieces of information uniquely define it?",Computer Networks,Ports and Sockets
Why do most web applications follow a client-server model rather than a peer-to-peer model?,Computer Networks,Client-Server Architecture
"What is a Denial of Service (DoS) attack, and how is a Distributed DoS (DDoS) attack different?",Computer Networks,Network Security
Why is CSMA/CA used in Wi-Fi instead of CSMA/CD used in wired Ethernet?,Computer Networks,Wi-Fi / Wireless Networks
What information does the ipconfig or ifconfig command reveal that helps in troubleshooting connectivity issues?,Computer Networks,Network Troubleshooting
Why does replacing a hub with a switch reduce collisions on a LAN?,Computer Networks,Network Devices
"What is meant by bandwidth, and how is it different from throughput?",Computer Networks,Networking Fundamentals
"In a large office, a single switch failure brings down every connected computer. Which topology is most likely in use, and what would you recommend instead?",Computer Networks,Network Topologies
A user can ping a server by IP address but the browser cannot load the website. Which OSI layers should you suspect first?,Computer Networks,OSI Model
What functions does the Internet layer of the TCP/IP model perform?,Computer Networks,TCP/IP Model
An interviewer asks you to justify why industry protocols follow the TCP/IP model instead of the OSI model. How would you answer?,Computer Networks,OSI vs TCP/IP
Why does fiber optic cable support much higher data rates than copper cable over long distances?,Computer Networks,Physical Layer
"What is framing, and why is it necessary at the Data Link layer?",Computer Networks,Data Link Layer
"Why is fragmentation sometimes required at the Network layer, and what problem can it cause?",Computer Networks,Network Layer
"Why is the Transport layer considered the layer where 'end-to-end' communication is guaranteed, if at all?",Computer Networks,Transport Layer
Explain how a web browser and a web server use Application layer protocols to exchange a webpage.,Computer Networks,Application Layer
Explain the purpose of the preamble field in an Ethernet frame.,Computer Networks,Ethernet
"What is the structure of a 48-bit MAC address, and what does the OUI portion represent?",Computer Networks,MAC Address
"What is an ARP cache, and why does it have an expiry time?",Computer Networks,ARP
Why can two different organizations both use 192.168.1.0/24 internally without conflict?,Computer Networks,IP Addressing
Why is IPv4 address exhaustion considered a real-world problem?,Computer Networks,IPv4
"What is the purpose of IPv6 address auto-configuration, and how does it reduce reliance on DHCP?",Computer Networks,IPv6
You are given the address 172.16.0.0/20. Determine the subnet mask in dotted decimal notation.,Computer Networks,Subnetting
Explain how CIDR enables route summarization (supernetting) to reduce the size of routing tables.,Computer Networks,CIDR
"What is a routing table, and what key pieces of information does each entry contain?",Computer Networks,Routing
A small branch office has only one link to headquarters. Why might an administrator choose static routing here instead of a dynamic protocol?,Computer Networks,Static Routing
"What is convergence time in dynamic routing, and why does it matter during a link failure?",Computer Networks,Dynamic Routing
"What is the count-to-infinity problem, and which class of routing algorithm suffers from it?",Computer Networks,Routing Algorithms
Why do distance vector protocols only share information with their directly connected neighbors?,Computer Networks,Distance Vector Routing
Why does link state routing require more memory and processing power on routers compared to distance vector routing?,Computer Networks,Link State Routing
What is a key limitation of RIP that makes it unsuitable for large enterprise networks?,Computer Networks,RIP
"What is a Designated Router (DR) in OSPF, and why is it elected on a multi-access network?",Computer Networks,OSPF
Why is BGP classified as a path vector protocol rather than a distance vector or link state protocol?,Computer Networks,BGP
What is the purpose of sequence numbers and acknowledgment numbers in TCP?,Computer Networks,TCP
"Since UDP does not guarantee delivery, why is it still used for services like DNS and video streaming?",Computer Networks,UDP
Why would a file transfer application almost always choose TCP over UDP?,Computer Networks,TCP vs UDP
What would happen if the third ACK in the TCP three-way handshake is lost?,Computer Networks,TCP Three-Way Handshake
Explain the difference between a graceful TCP close (FIN) and an abrupt termination (RST).,Computer Networks,TCP Connection Termination
"What is the receive window (rwnd) in TCP, and how does the receiver communicate it to the sender?",Computer Networks,Flow Control
"What is congestion avoidance, and how does it differ from slow start?",Computer Networks,Congestion Control
Why does HTTP typically run over TCP rather than UDP?,Computer Networks,HTTP
Why does an HTTPS website display a certificate warning if the certificate has expired?,Computer Networks,HTTPS
What is the difference between a recursive DNS query and an iterative DNS query?,Computer Networks,DNS
"What is a DHCP lease, and what happens when it expires?",Computer Networks,DHCP
"Why is FTP considered insecure, and what protocol is commonly used as a secure alternative?",Computer Networks,FTP
What is the difference between SMTP and mail retrieval protocols like POP3 or IMAP?,Computer Networks,SMTP
What happens to an email on the server by default when it is downloaded via POP3?,Computer Networks,POP3 / IMAP
"What does an ICMP 'Time Exceeded' message indicate, and how does the traceroute utility use it?",Computer Networks,ICMP
"What is PAT (Port Address Translation), and how does it allow many private hosts to share one public IP?",Computer Networks,NAT
What is the difference between a hardware firewall and a software firewall?,Computer Networks,Firewalls
Why do remote employees commonly use a VPN to access their company's internal network?,Computer Networks,VPN
Why might an organization deploy a proxy server for content filtering and caching?,Computer Networks,Proxy Servers
Explain the difference between a well-known port and an ephemeral port.,Computer Networks,Ports and Sockets
What is a key scalability challenge of a pure client-server architecture as the number of clients grows?,Computer Networks,Client-Server Architecture
Explain what a man-in-the-middle attack is and how encryption helps mitigate it.,Computer Networks,Network Security
"What is the difference between WEP, WPA, and WPA2 in terms of security?",Computer Networks,Wi-Fi / Wireless Networks
Explain how the traceroute command helps identify where a connection is failing along a network path.,Computer Networks,Network Troubleshooting
What is the role of a modem in connecting a home network to an ISP?,Computer Networks,Network Devices
Explain the difference between latency and jitter in a network.,Computer Networks,Networking Fundamentals
"What is a mesh topology, and why is it common in backbone networks despite its cabling cost?",Computer Networks,Network Topologies
Why does the OSI model separate the Presentation layer from the Application layer?,Computer Networks,OSI Model
Explain why the TCP/IP model is considered more practical for real-world implementation than the OSI model.,Computer Networks,TCP/IP Model
Compare how each model handles the transport of data in terms of reliability guarantees.,Computer Networks,OSI vs TCP/IP
"What is attenuation, and why does a cable installer care about maximum cable run length?",Computer Networks,Physical Layer
Explain how CSMA/CD works and why it is not used in modern full-duplex switched Ethernet.,Computer Networks,Data Link Layer
Explain the role of a router at the Network layer in forwarding packets between networks.,Computer Networks,Network Layer
What is multiplexing and demultiplexing at the Transport layer?,Computer Networks,Transport Layer
Why do developers building a new networked application usually work at the Application layer rather than manage sockets directly at lower layers?,Computer Networks,Application Layer
How does switched Ethernet reduce collisions compared to the original shared-medium Ethernet?,Computer Networks,Ethernet
Can two devices on the same LAN legitimately have the same MAC address? Explain the consequence if they do.,Computer Networks,MAC Address
"What is ARP spoofing, and why is it considered a network security threat?",Computer Networks,ARP
"What is a loopback address, and what is it used for?",Computer Networks,IP Addressing
What is the purpose of the TTL field in an IPv4 header?,Computer Networks,IPv4
Explain the difference between a link-local address and a global unicast address in IPv6.,Computer Networks,IPv6
A company needs 6 subnets from 200.10.20.0/24 with roughly equal size. What subnet mask would you choose and why?,Computer Networks,Subnetting
"Two networks, 10.1.0.0/24 and 10.1.1.0/24, need to be summarized into a single route. What CIDR block represents both?",Computer Networks,CIDR
Why might a packet be dropped with a 'destination unreachable' message even though the destination host is online?,Computer Networks,Routing
Explain how a misconfigured static route can create a routing loop.,Computer Networks,Static Routing
Compare the administrative overhead of dynamic routing versus static routing for a network with 200 routers.,Computer Networks,Dynamic Routing
"Explain what 'shortest path' means in the context of a routing algorithm, and what metric might define 'shortest'.",Computer Networks,Routing Algorithms
Explain route poisoning as a technique used in distance vector routing.,Computer Networks,Distance Vector Routing
"What is a Link State Advertisement (LSA), and what triggers a router to flood one?",Computer Networks,Link State Routing
"How often does RIP send routing updates by default, and why can this be inefficient?",Computer Networks,RIP
Compare OSPF and RIP in terms of convergence speed and suitability for large networks.,Computer Networks,OSPF
"What is an Autonomous System (AS), and why does BGP route between autonomous systems rather than individual routers?",Computer Networks,BGP
"Why does TCP retransmit a segment, and what event triggers retransmission?",Computer Networks,TCP
"What fields are present in a UDP header, and how does this compare to the size of a TCP header?",Computer Networks,UDP
"In an interview, you are asked when you would choose UDP over TCP for a new application. What factors would you consider?",Computer Networks,TCP vs UDP
Why does TCP require a three-step handshake instead of just a two-step exchange to establish a connection?,Computer Networks,TCP Three-Way Handshake
Why might a server accumulate many connections stuck in the TIME_WAIT or FIN_WAIT state under heavy load?,Computer Networks,TCP Connection Termination
Differentiate between flow control and congestion control.,Computer Networks,Flow Control
Why does TCP treat a packet loss event as a signal of congestion rather than corruption?,Computer Networks,Congestion Control
"What is an HTTP status code, and what does a 404 versus a 500 code indicate?",Computer Networks,HTTP
What is the purpose of the TLS handshake before actual HTTP data is exchanged?,Computer Networks,HTTPS
"What is a DNS cache, and why does it improve performance for repeated lookups?",Computer Networks,DNS
Why might a device fall back to an APIPA address (169.254.x.x) when DHCP fails?,Computer Networks,DHCP
What default port numbers does FTP use for control and data channels?,Computer Networks,FTP
"What default port does SMTP use, and how does this differ when TLS is involved?",Computer Networks,SMTP
Explain why IMAP generally requires a more persistent connection than POP3.,Computer Networks,POP3 / IMAP
"Why do some firewalls block ICMP traffic, and what tradeoff does this create for network diagnostics?",Computer Networks,ICMP
How does NAT help conserve the limited pool of public IPv4 addresses?,Computer Networks,NAT
"Explain how a firewall rule set based on source IP, destination IP, and port can control access to a server.",Computer Networks,Firewalls
What is the difference between a site-to-site VPN and a remote-access VPN?,Computer Networks,VPN
How does a reverse proxy help with load balancing across multiple backend servers?,Computer Networks,Proxy Servers
Why can a web server accept thousands of simultaneous client connections on the same port 80?,Computer Networks,Ports and Sockets
How does a Content Delivery Network (CDN) modify the traditional client-server model to improve performance?,Computer Networks,Client-Server Architecture
"What is packet sniffing, and why is it a threat on unencrypted networks?",Computer Networks,Network Security
Why does Wi-Fi signal strength typically degrade with distance and obstacles like walls?,Computer Networks,Wi-Fi / Wireless Networks
A laptop shows it is connected to Wi-Fi but has no internet access. What are three possible causes?,Computer Networks,Network Troubleshooting
Explain the difference between a Layer 2 switch and a Layer 3 switch.,Computer Networks,Network Devices
A video call keeps freezing even though the reported bandwidth is high. What network factor other than bandwidth could be responsible?,Computer Networks,Networking Fundamentals
Explain hybrid topology with a practical example from a college campus network.,Computer Networks,Network Topologies
What is encapsulation in the context of the OSI model?,Computer Networks,OSI Model
How does the TCP/IP model's Network Access layer relate to the OSI Physical and Data Link layers?,Computer Networks,TCP/IP Model
Give one scenario where thinking in terms of the OSI model helps isolate a network fault more precisely than the TCP/IP model.,Computer Networks,OSI vs TCP/IP
"Explain the difference between simplex, half-duplex, and full-duplex communication.",Computer Networks,Physical Layer
What is the purpose of a CRC (cyclic redundancy check) in a data frame?,Computer Networks,Data Link Layer
What is the difference between connectionless and connection-oriented network layer services?,Computer Networks,Network Layer
A server hosts both a web service and an email service on the same IP address. How does incoming traffic get delivered to the right application?,Computer Networks,Transport Layer
"Why do some Application layer protocols, like DNS, use UDP, while others, like HTTP, use TCP?",Computer Networks,Application Layer
What is an Ethernet frame's FCS (Frame Check Sequence) used for?,Computer Networks,Ethernet
Explain the difference between a unicast MAC address and a broadcast MAC address (FF:FF:FF:FF:FF:FF).,Computer Networks,MAC Address
Why is ARP not needed when a host sends a packet to a destination outside its local subnet?,Computer Networks,ARP
Explain the difference between a static IP address and a dynamic IP address.,Computer Networks,IP Addressing
Explain the role of the checksum field in an IPv4 packet header.,Computer Networks,IPv4
Why does IPv6 not include a header checksum field like IPv4 does?,Computer Networks,IPv6
Explain why subnetting reduces broadcast traffic on a network.,Computer Networks,Subnetting
Why is CIDR notation preferred over the older classful A/B/C addressing scheme in modern routing?,Computer Networks,CIDR
What does 'next hop' mean in the context of a routing table entry?,Computer Networks,Routing
What administrative burden grows as the number of static routes increases in a large topology?,Computer Networks,Static Routing
Why do dynamic routing protocols exchange 'hello' or keepalive messages with neighboring routers?,Computer Networks,Dynamic Routing
Why is Dijkstra's algorithm commonly associated with link state routing protocols?,Computer Networks,Routing Algorithms
"What is the 'hold-down timer' mechanism, and how does it help prevent routing instability in distance vector protocols?",Computer Networks,Distance Vector Routing
Why does link state routing scale better than distance vector routing in very large networks despite higher per-router overhead?,Computer Networks,Link State Routing
Why does RIP consider a route with a hop count of 16 to be unreachable?,Computer Networks,RIP
"What is a link state database in OSPF, and how do all routers within an area maintain a synchronized copy?",Computer Networks,OSPF
"Why is trust and policy, rather than pure shortest path, a major factor in how BGP selects routes between autonomous systems?",Computer Networks,BGP
"What is the sliding window mechanism in TCP, and why is it used?",Computer Networks,TCP
Why is UDP sometimes described as a 'fire and forget' protocol?,Computer Networks,UDP
"In a DNS lookup, why is UDP typically used first, with TCP as a fallback for larger responses?",Computer Networks,TCP vs UDP
"What is a SYN flood attack, and how does it exploit the TCP three-way handshake?",Computer Networks,TCP Three-Way Handshake
"What is a 'half-close' connection state in TCP, and when might it occur?",Computer Networks,TCP Connection Termination
How does a receiver signal to the sender that it is running low on buffer space during a TCP session?,Computer Networks,Flow Control
What is the difference between TCP Tahoe and TCP Reno in handling congestion?,Computer Networks,Congestion Control
Explain the purpose of HTTP headers with one example.,Computer Networks,HTTP
How does HTTPS protect data from being read by an attacker performing a man-in-the-middle attack on public Wi-Fi?,Computer Networks,HTTPS
What is the purpose of an A record versus a CNAME record in DNS?,Computer Networks,DNS
What is the difference between a DHCP relay agent and a DHCP server in a multi-subnet network?,Computer Networks,DHCP
Why does firewall configuration for FTP tend to be more complex than for a protocol like HTTP?,Computer Networks,FTP
Why might an email get flagged as spam even though it was sent successfully via SMTP?,Computer Networks,SMTP
"Why is IMAP generally preferred for users who want their inbox synchronized across a phone, laptop, and webmail client?",Computer Networks,POP3 / IMAP
What does an ICMP 'Destination Unreachable' message tell the sender?,Computer Networks,ICMP
What complication does NAT introduce for hosting a server on a private network that must be reachable from the Internet?,Computer Networks,NAT
Why might a firewall alone not be sufficient to protect a network from application-layer attacks?,Computer Networks,Firewalls
What is the difference between IPsec VPN and SSL VPN in terms of what layer they operate at?,Computer Networks,VPN
How can a proxy server help an organization enforce acceptable-use policies on employee internet access?,Computer Networks,Proxy Servers
"What port number is conventionally used by HTTPS, and why does using the correct port matter for a client connection to succeed?",Computer Networks,Ports and Sockets
What is the role of load balancing in a client-server system that must handle millions of requests?,Computer Networks,Client-Server Architecture
What is the purpose of an Intrusion Detection System (IDS) compared to an Intrusion Prevention System (IPS)?,Computer Networks,Network Security
"What is an SSID, and why is hiding it not considered a strong security measure?",Computer Networks,Wi-Fi / Wireless Networks
Why is 'can you ping the default gateway' usually one of the first steps in diagnosing a connectivity issue?,Computer Networks,Network Troubleshooting
"What is a repeater, and why is it used in long cable runs?",Computer Networks,Network Devices
"What is the difference between a unicast, a broadcast, and a multicast transmission?",Computer Networks,Networking Fundamentals
Why is star topology the most commonly deployed topology in modern Ethernet LANs?,Computer Networks,Network Topologies
"Explain how data flows from the Application layer of a sender down to the Physical layer, and back up at the receiver.",Computer Networks,OSI Model
Why is understanding the TCP/IP model considered essential for network troubleshooting in practice?,Computer Networks,TCP/IP Model
What is the difference between analog and digital signaling at the Physical layer?,Computer Networks,Physical Layer
A network technician sees frequent frame collisions on an old hub-based segment. How would replacing the hub with a switch help?,Computer Networks,Data Link Layer
Why is IP described as a 'best-effort' delivery service?,Computer Networks,Network Layer
"Why can a single machine run a web server, an email server, and an FTP server simultaneously without port conflicts?",Computer Networks,Transport Layer
"Why do some organizations block specific Application layer protocols, like peer-to-peer file sharing, at the network edge?",Computer Networks,Application Layer
"What is auto-negotiation in Ethernet, and why is it useful when connecting devices with different speed capabilities?",Computer Networks,Ethernet
How does an operating system typically allow a user to view the MAC address of a network interface?,Computer Networks,MAC Address
What is the difference between ARP and Reverse ARP (RARP)?,Computer Networks,ARP
Why can a device have multiple IP addresses assigned to a single physical network interface?,Computer Networks,IP Addressing
"What is a broadcast address in IPv4, and how is it calculated for a given subnet?",Computer Networks,IPv4
What challenges arise when migrating a large enterprise network from IPv4 to IPv6?,Computer Networks,IPv6
"Given the IP address 10.0.5.130/25, identify the subnet it belongs to and its broadcast address.",Computer Networks,Subnetting
Why does a smaller number after the slash in CIDR notation (e.g. /8) represent a larger network than a larger number (e.g. /28)?,Computer Networks,CIDR
What is the difference between intra-domain routing and inter-domain routing?,Computer Networks,Routing
Why would combining static routes with a default route often be a practical design choice for a small business?,Computer Networks,Static Routing
What happens to traffic forwarding while a dynamic routing protocol is still converging after a topology change?,Computer Networks,Dynamic Routing
"What is meant by 'routing loop', and why do both distance vector and link state protocols need mechanisms to avoid it?",Computer Networks,Routing Algorithms
Why does a distance vector router trust information received from a neighbor without independently verifying the entire path?,Computer Networks,Distance Vector Routing
"What is flooding, and why do link state protocols use it to distribute topology information?",Computer Networks,Link State Routing
How does RIPv2 improve upon RIPv1 in terms of supporting subnetting?,Computer Networks,RIP
Why might a network engineer choose OSPF over RIP for a mid-sized corporate network?,Computer Networks,OSPF
"What could cause a 'BGP route leak', and why is it considered a serious Internet routing incident?",Computer Networks,BGP
What is the purpose of the TCP checksum field?,Computer Networks,TCP
What happens to a UDP datagram if it arrives corrupted at the receiver?,Computer Networks,UDP
Why does a video conferencing app tolerate some UDP packet loss but a banking application cannot tolerate TCP data loss?,Computer Networks,TCP vs UDP
What information do the SYN and ACK flags in a TCP segment communicate during connection setup?,Computer Networks,TCP Three-Way Handshake
Why might an application send an RST instead of going through the normal FIN-based termination process?,Computer Networks,TCP Connection Termination
What could happen if TCP had no flow control mechanism at all?,Computer Networks,Flow Control
What is the role of the congestion window (cwnd) in TCP's congestion control mechanism?,Computer Networks,Congestion Control
What is the difference between HTTP/1.1 and HTTP/2 in terms of connection handling?,Computer Networks,HTTP
Why does an e-commerce website need HTTPS specifically during checkout even if browsing the catalog is done over HTTP?,Computer Networks,HTTPS
"A user reports that a website is unreachable, but pinging its IP address directly works fine. What could be wrong?",Computer Networks,DNS
Why is it problematic to have two DHCP servers on the same network segment without coordination?,Computer Networks,DHCP
"What is anonymous FTP, and what security risk can it introduce if misconfigured?",Computer Networks,FTP
What role does SMTP play when an email passes through multiple mail servers before reaching its recipient?,Computer Networks,SMTP
What setting in a POP3 client determines whether a copy of the email is left on the server after download?,Computer Networks,POP3 / IMAP
Why is ICMP considered a network layer protocol even though it is often grouped with TCP and UDP in discussions?,Computer Networks,ICMP
"Why does NAT complicate protocols that embed IP addresses inside their application-layer payload, such as some VoIP protocols?",Computer Networks,NAT
"What is a demilitarized zone (DMZ) in network security, and why do firewalls commonly define one?",Computer Networks,Firewalls
Why does using a VPN typically increase latency slightly compared to a direct connection?,Computer Networks,VPN
What privacy benefit does a forward proxy provide when browsing external websites?,Computer Networks,Proxy Servers
Why can an application bind to a specific port only if no other process is already using it?,Computer Networks,Ports and Sockets
"What is a three-tier architecture, and how does it extend the basic client-server model?",Computer Networks,Client-Server Architecture
Why is encrypting data both in transit and at rest important for network security?,Computer Networks,Network Security
What is the difference between the 2.4 GHz and 5 GHz Wi-Fi bands in terms of range and interference?,Computer Networks,Wi-Fi / Wireless Networks
What is the purpose of checking the physical link light on a network interface card during troubleshooting?,Computer Networks,Network Troubleshooting
What is the function of a gateway device in a network that connects two different types of networks?,Computer Networks,Network Devices
Why do networks use layered architectures instead of a single monolithic design?,Computer Networks,Networking Fundamentals
What is the main disadvantage of a fully connected mesh topology for a network with 100 nodes?,Computer Networks,Network Topologies
Why is the OSI model considered a reference model rather than a model that is directly implemented in real networks?,Computer Networks,OSI Model
Why is understanding the TCP/IP model's layering important when configuring a firewall rule?,Computer Networks,TCP/IP Model
What is the difference between twisted pair cable and coaxial cable in terms of interference resistance?,Computer Networks,Physical Layer
"What is the purpose of a MAC address table maintained by a switch, and how is it built?",Computer Networks,Data Link Layer
What is the difference between how the Network layer handles addressing in IPv4 versus IPv6?,Computer Networks,Network Layer
What does it mean for the Transport layer to provide 'segmentation' of application data?,Computer Networks,Transport Layer
Why did Ethernet largely replace competing LAN technologies like Token Ring?,Computer Networks,Ethernet
Why is MAC address filtering on a Wi-Fi router considered a weak security control?,Computer Networks,MAC Address
"What is gratuitous ARP, and in what situation is it typically sent?",Computer Networks,ARP
"What is the difference between an IP address and a hostname, and how are the two related through DNS?",Computer Networks,IP Addressing
"Why is the address range 127.0.0.0/8 reserved, and what is it commonly used for?",Computer Networks,IPv4
How does IPv6 simplify header processing compared to IPv4 to improve router performance?,Computer Networks,IPv6
What is the difference between a subnet mask and a wildcard mask used in routing configuration?,Computer Networks,Subnetting
How does CIDR allow ISPs to allocate address blocks of varying sizes to different customers efficiently?,Computer Networks,CIDR
Why does a router need to examine the destination IP address of every incoming packet?,Computer Networks,Routing
How would you configure a static route to reach a remote network 10.20.0.0/24 through a next-hop router at 192.168.1.1?,Computer Networks,Static Routing
"Why might an organization run two dynamic routing protocols simultaneously, and what mechanism reconciles routes learned from both?",Computer Networks,Dynamic Routing
Why is 'hop count' considered a simplistic metric compared to metrics that factor in bandwidth and delay?,Computer Networks,Routing Algorithms
"What is 'triggered update', and how does it speed up convergence compared to waiting for the next periodic update?",Computer Networks,Distance Vector Routing
Why must every router in a link state network have an identical copy of the link state database to compute correct routes?,Computer Networks,Link State Routing
Why is RIP classified as an Interior Gateway Protocol (IGP) rather than an Exterior Gateway Protocol?,Computer Networks,RIP
"What is the purpose of OSPF's 'backbone area' (Area 0), and why must all other areas connect to it?",Computer Networks,OSPF
"What is a BGP route reflector, and why is it used in large iBGP deployments?",Computer Networks,BGP
Why does TCP buffer incoming data before passing it to the application?,Computer Networks,TCP
"Why does UDP have a smaller header overhead than TCP, and what tradeoff does this represent?",Computer Networks,UDP
A DNS server response exceeds 512 bytes. Why might the resolver switch from UDP to TCP for that particular query?,Computer Networks,TCP vs UDP
How does the initial sequence number exchanged during the handshake contribute to connection security?,Computer Networks,TCP Three-Way Handshake
"Why can a TCP connection close differently on each side, with one side able to still send data after the other has finished?",Computer Networks,TCP Connection Termination
How is flow control different when comparing TCP's sliding window with a simpler stop-and-wait protocol?,Computer Networks,Flow Control
Explain how TCP's additive-increase multiplicative-decrease (AIMD) strategy responds to packet loss.,Computer Networks,Congestion Control
"Why is HTTP considered stateless, and how do cookies help applications maintain session state on top of it?",Computer Networks,HTTP
"What is a self-signed certificate, and why do browsers usually warn users about it?",Computer Networks,HTTPS
"What is DNS caching poisoning, and why is it a security concern?",Computer Networks,DNS
"What is DHCP reservation, and why might an administrator use it for a specific device?",Computer Networks,DHCP
Why might a modern application choose SFTP or FTPS instead of plain FTP for transferring sensitive files?,Computer Networks,FTP
"What is the purpose of SMTP relay, and why do organizations restrict who can use their mail relay?",Computer Networks,SMTP
"What port numbers do POP3 and IMAP use by default, and how do these change when using encrypted variants?",Computer Networks,POP3 / IMAP
What does an ICMP redirect message indicate to a host?,Computer Networks,ICMP
What is the difference between inside local and inside global addresses in Cisco NAT terminology?,Computer Networks,NAT
How does a next-generation firewall differ from a traditional packet-filtering firewall?,Computer Networks,Firewalls
"What is split tunneling in a VPN configuration, and what security tradeoff does it introduce?",Computer Networks,VPN
Why might an organization deploy a reverse proxy in front of its internal web servers instead of exposing them directly?,Computer Networks,Proxy Servers
Why do most operating systems reserve ports below 1024 for privileged system or administrator use?,Computer Networks,Ports and Sockets
Why might a peer-to-peer file sharing system be more resilient to a single server failure than a client-server system?,Computer Networks,Client-Server Architecture
"What is social engineering, and why is it considered a network security threat even though it does not exploit a technical flaw?",Computer Networks,Network Security
Why can too many overlapping wireless access points on the same channel degrade network performance?,Computer Networks,Wi-Fi / Wireless Networks
A newly added device cannot obtain an IP address automatically. What steps would you take to diagnose the DHCP issue?,Computer Networks,Network Troubleshooting
What is the role of a wireless access point in bridging a wired network to wireless clients?,Computer Networks,Network Devices
What is meant by 'network topology' and why does the choice of topology matter for a company?,Computer Networks,Networking Fundamentals
Why do data center networks often use a partial mesh rather than a full mesh topology?,Computer Networks,Network Topologies
Why does troubleshooting a network problem often start at the Physical layer and move upward?,Computer Networks,OSI Model
"Why does the Internet, despite being designed around the TCP/IP model, still reference the OSI model in professional certifications and documentation?",Computer Networks,TCP/IP Model
Why does a fiber optic connection typically have lower latency over long distances compared to satellite links?,Computer Networks,Physical Layer
Explain how the Data Link layer differs in its addressing scheme from the Network layer.,Computer Networks,Data Link Layer
"Why is IP fragmentation avoided where possible in modern networks, and what feature helps prevent it?",Computer Networks,Network Layer
"What is 'head-of-line blocking', and how can it affect performance in a TCP-based connection carrying multiple streams?",Computer Networks,Transport Layer
"What is Power over Ethernet (PoE), and why is it convenient for devices like IP cameras and access points?",Computer Networks,Ethernet
"Why does changing (spoofing) a device's MAC address not change its IP address, and what could an attacker gain by spoofing it?",Computer Networks,MAC Address
Why does an ARP request use a broadcast frame rather than a unicast frame?,Computer Networks,ARP
Why does assigning a duplicate static IP address to two devices on the same network cause connectivity problems for both?,Computer Networks,IP Addressing
What issue arises when an organization runs out of available public IPv4 addresses for new servers?,Computer Networks,IPv4
"What is dual-stack networking, and why do many networks use it during the IPv4-to-IPv6 transition?",Computer Networks,IPv6
"If a host has the address 192.168.5.70 with subnet mask 255.255.255.192, what is the range of valid host addresses in its subnet?",Computer Networks,Subnetting
Why would an ISP prefer to advertise a single /16 CIDR block rather than 256 separate /24 blocks?,Computer Networks,CIDR
"What is a routing metric, and how might hop count differ from bandwidth as a chosen metric?",Computer Networks,Routing
What happens to traffic to a destination if its only static route is removed and no dynamic routing protocol or default route exists?,Computer Networks,Static Routing
"Why do administrators sometimes prefer a hybrid approach, using dynamic routing for the core network and static routes for stub networks?",Computer Networks,Dynamic Routing
"Why do routing algorithms need a way to detect and adapt to link failures rather than relying on a static, pre-computed path forever?",Computer Networks,Routing Algorithms
Why does a distance vector protocol typically take longer to detect a far-away link failure compared to one close to the reporting router?,Computer Networks,Distance Vector Routing
"What is the purpose of 'sequence numbers' on Link State Advertisements, and how do they prevent outdated information from being reused?",Computer Networks,Link State Routing
"Why is RIP still sometimes used today despite its limitations, particularly in very small or legacy networks?",Computer Networks,RIP
Why would two OSPF routers fail to form a neighbor adjacency even though they are physically connected?,Computer Networks,OSPF
Why is BGP described as a 'policy-based' protocol rather than one that simply finds the mathematically shortest path?,Computer Networks,BGP
"What is meant by 'TCP segment', and how does it differ from an IP packet?",Computer Networks,TCP
"Why is UDP well suited for DHCP and DNS, which involve small, quick request-response exchanges?",Computer Networks,UDP
"During a packet capture, you notice a client sends SYN but never receives a SYN-ACK. What are two possible explanations?",Computer Networks,TCP Three-Way Handshake
Why might a network with many competing TCP flows experience 'global synchronization' of congestion window reductions?,Computer Networks,Congestion Control
What is the difference between HTTP caching headers and how they reduce redundant network requests?,Computer Networks,HTTP
Why do search engines rank HTTPS websites more favorably than HTTP-only websites?,Computer Networks,HTTPS
What is the role of a root DNS server in the overall DNS hierarchy?,Computer Networks,DNS
What is the purpose of the DHCP 'Decline' message a client might send back to the server?,Computer Networks,DHCP
Why does a firewall administrator sometimes allow ICMP Echo Request from specific trusted networks but block it from the public Internet?,Computer Networks,ICMP
"Why is NAT sometimes described as providing a side benefit of security, even though it was originally designed to conserve addresses?",Computer Networks,NAT
"What is an access control list (ACL), and how does a router use it similarly to a basic firewall?",Computer Networks,Firewalls
Why do some streaming services attempt to detect and block VPN traffic?,Computer Networks,VPN
How does a transparent proxy differ from a proxy that requires explicit client configuration?,Computer Networks,Proxy Servers
Why must a client typically use a randomly assigned ephemeral port when initiating an outbound TCP connection?,Computer Networks,Ports and Sockets
What is the role of a session token in maintaining state between a stateless HTTP client and a server across multiple requests?,Computer Networks,Client-Server Architecture
Why is 'defense in depth' considered a best practice in network security design rather than relying on a single control?,Computer Networks,Network Security
"What is WPA3, and what improvement does it offer over WPA2?",Computer Networks,Wi-Fi / Wireless Networks
Why is it useful to isolate whether a problem is local to one device or affects the entire network segment during troubleshooting?,Computer Networks,Network Troubleshooting
Why do enterprise networks typically use managed switches instead of unmanaged switches?,Computer Networks,Network Devices
Explain the difference between a client and a server in a network context.,Computer Networks,Networking Fundamentals
Explain how a tree topology combines the characteristics of star and bus topologies.,Computer Networks,Network Topologies
"What OSI layer is responsible for establishing, managing, and terminating sessions between applications?",Computer Networks,OSI Model
"What is signal-to-noise ratio, and why does it matter for reliable data transmission?",Computer Networks,Physical Layer
What happens when a switch receives a frame destined for a MAC address not in its table?,Computer Networks,Data Link Layer
Why does traceroute rely on manipulating the TTL field to discover each hop along a path to a destination?,Computer Networks,Network Layer
Why is choosing the right Transport layer protocol (TCP vs UDP) one of the earliest design decisions when building a networked application?,Computer Networks,Transport Layer
"Why does a duplex mismatch between two connected Ethernet devices often lead to poor, inconsistent performance rather than a total link failure?",Computer Networks,Ethernet
Why do virtual machines often have their own distinct MAC addresses even when running on the same physical host?,Computer Networks,MAC Address
"What security feature, such as Dynamic ARP Inspection, do switches use to mitigate ARP spoofing?",Computer Networks,ARP
A host is configured with IP address 169.254.10.5. What does this address range typically indicate about the host's network status?,Computer Networks,IPv4
"What is an IPv6 address written in its shortened form using '::' notation, and what rule governs how many times '::' can appear in one address?",Computer Networks,IPv6
"A network administrator is given the block 192.168.100.0/24 and needs 4 equally sized subnets. What subnet mask should be used, and how many hosts does each subnet support?",Computer Networks,Subnetting
Why does aggregating multiple smaller CIDR blocks into one advertisement reduce the burden on core Internet routers?,Computer Networks,CIDR
"What is asymmetric routing, and why can it sometimes cause problems with stateful firewalls?",Computer Networks,Routing
"What is a stub area in OSPF, and why would a network designer configure one?",Computer Networks,OSPF
"What is prefix hijacking in BGP, and why is it difficult for the wider Internet to detect immediately?",Computer Networks,BGP
"What is the purpose of the urgent pointer field in a TCP header, and how often is it actually used in practice?",Computer Networks,TCP
"What is Explicit Congestion Notification (ECN), and how does it let routers signal congestion without dropping packets?",Computer Networks,Congestion Control
Explain what happens on the network when a browser issues an HTTP request with the 'Connection: keep-alive' header.,Computer Networks,HTTP
"What is certificate pinning, and how does it add an extra layer of trust verification beyond standard HTTPS validation?",Computer Networks,HTTPS
Why does changing a domain's DNS records sometimes take time to propagate across the Internet?,Computer Networks,DNS
"What is the purpose of DHCP option fields, such as those specifying the DNS server or default gateway to assign to clients?",Computer Networks,DHCP
"Why is Path MTU Discovery dependent on ICMP messages, and what happens if those messages are blocked by a firewall along the path?",Computer Networks,ICMP
"In a home network, why can two devices behind the same NAT router both browse the same website simultaneously without conflict?",Computer Networks,NAT
What is the difference between an inbound rule and an outbound rule on a firewall?,Computer Networks,Firewalls
What is the difference between Layer 2 and Layer 3 VPN technologies in terms of what they tunnel?,Computer Networks,VPN
"What is the principle of least privilege, and how does it apply to network access control?",Computer Networks,Network Security
"What is a rogue access point, and why is it considered a security risk in a corporate environment?",Computer Networks,Wi-Fi / Wireless Networks
Why is comparing 'expected behavior' versus 'observed behavior' a useful first step in any network troubleshooting process?,Computer Networks,Network Troubleshooting
"What is a network bridge, and how does its function compare to that of a modern switch?",Computer Networks,Network Devices
"What is meant by network congestion, and what everyday symptom does a user notice when it occurs?",Computer Networks,Networking Fundamentals
"In an interview, you are asked to design the topology for a small 10-person startup office. What would you choose and why?",Computer Networks,Network Topologies
"If a switch fails, which OSI layer of communication is most directly disrupted?",Computer Networks,OSI Model
"What is crosstalk, and why is cable shielding used to reduce it?",Computer Networks,Physical Layer
What is the purpose of the Logical Link Control (LLC) sublayer as opposed to the MAC sublayer?,Computer Networks,Data Link Layer
"Why is an ARP table typically limited to entries within the local subnet only, and not populated with remote hosts?",Computer Networks,ARP
"What does the 'Don't Fragment' flag in an IPv4 header instruct routers to do, and what happens if a packet with this flag exceeds the MTU?",Computer Networks,IPv4
"Why does the widespread adoption of IPv6 reduce, but not eliminate, the need for NAT?",Computer Networks,IPv6
Why does subnetting improve security by allowing traffic isolation between departments in an organization?,Computer Networks,Subnetting
What is the significance of the metric value displayed alongside each entry in a routing table?,Computer Networks,Routing
Why is TCP considered unsuitable for real-time applications despite its reliability?,Computer Networks,TCP
"Why can a poorly performing wireless link be mistaken for network congestion by a TCP sender, leading to unnecessary window shrinkage?",Computer Networks,Congestion Control
What is the difference between an idempotent HTTP method like GET and a non-idempotent one like POST?,Computer Networks,HTTP
"Why does mixed content, where an HTTPS page loads some resources over HTTP, weaken the overall security of the page?",Computer Networks,HTTPS
What is the purpose of a TTL value on a DNS record?,Computer Networks,DNS
Why can NAT cause problems for peer-to-peer applications that require inbound connections initiated from outside the network?,Computer Networks,NAT
Why is 'default deny' considered a safer starting policy for a firewall than 'default allow'?,Computer Networks,Firewalls
"What is the difference between symmetric and asymmetric encryption, and where might each be used in securing network traffic?",Computer Networks,Network Security
Why does moving a wireless router to a central location in a house often improve overall coverage more than increasing transmit power?,Computer Networks,Wi-Fi / Wireless Networks
"Why does restarting a router sometimes resolve connectivity issues, and what underlying problems does this actually fix?",Computer Networks,Network Troubleshooting
What is the difference between a Layer 3 switch and a traditional router in terms of typical use case?,Computer Networks,Network Devices
Why do organizations often maintain both a LAN and a WAN instead of relying on a single network type?,Computer Networks,Networking Fundamentals
"Why is point-to-point topology the simplest form of network connection, and where is it commonly used?",Computer Networks,Network Topologies
"Why does an interviewer often ask candidates to recite the OSI layers, even though most modern engineers work directly with the TCP/IP stack?",Computer Networks,OSI Model
Why do Cat6 cables support higher data rates than Cat5 cables?,Computer Networks,Physical Layer
How does a VLAN operate at the Data Link layer to logically segment a physical switch into multiple broadcast domains?,Computer Networks,Data Link Layer
What would happen on a network if a malicious host responded to every ARP request with its own MAC address?,Computer Networks,ARP
"Why do IPv6 networks typically not need broadcast addresses, relying instead on multicast for similar functionality?",Computer Networks,IPv6
"Given the subnet mask 255.255.255.224, how many usable host addresses are available per subnet?",Computer Networks,Subnetting
"Why can a routing table have multiple possible routes to the same destination, and how does the router choose which one to use?",Computer Networks,Routing
"During a file download, you notice the transfer stalls and then resumes moments later. What TCP mechanism is most likely responsible for this pattern?",Computer Networks,TCP
"What is Random Early Detection (RED), and how do routers use it to proactively manage queue congestion?",Computer Networks,Congestion Control
"Why does a REST API typically rely on HTTP methods like GET, POST, PUT, and DELETE to represent different actions?",Computer Networks,HTTP
Explain the difference between an authoritative DNS server and a DNS resolver.,Computer Networks,DNS
"What is Carrier-Grade NAT (CGNAT), and why have ISPs adopted it given continued IPv4 exhaustion?",Computer Networks,NAT
"What is deep packet inspection, and how does it go beyond basic header-based filtering?",Computer Networks,Firewalls
Why is patch management considered a core part of maintaining network security over time?,Computer Networks,Network Security
"What is the hidden node problem in wireless networks, and how does CSMA/CA attempt to address it using RTS/CTS?",Computer Networks,Wi-Fi / Wireless Networks
Why is documenting a baseline of 'normal' network performance valuable when troubleshooting future issues?,Computer Networks,Network Troubleshooting
"What is a network interface card (NIC), and why does every networked device require at least one?",Computer Networks,Network Devices
What is the difference between a peer-to-peer network and a client-server network in terms of administration?,Computer Networks,Networking Fundamentals
How would corrupted data at the Data Link layer typically be detected before it reaches the Network layer?,Computer Networks,OSI Model
"You are asked to design an addressing scheme for a building with 5 floors, each needing about 25 hosts. How would subnetting help you plan this?",Computer Networks,Subnetting
What does it mean for TCP to provide 'byte-stream' delivery rather than message-based delivery?,Computer Networks,TCP
"Why does a sudden network-wide congestion collapse become more likely as the number of unmanaged, aggressive TCP flows increases?",Computer Networks,Congestion Control
"What is the purpose of the HTTP 'Host' header, and why is it essential for servers hosting multiple websites on one IP address?",Computer Networks,HTTP
"What is a PTR record used for in DNS, and how does it differ from an A record?",Computer Networks,DNS
"What is a zero-day vulnerability, and why is it particularly dangerous from a network defense perspective?",Computer Networks,Network Security
"What is channel bonding in Wi-Fi, and how does it increase available bandwidth at the cost of interference resilience?",Computer Networks,Wi-Fi / Wireless Networks
"What is link aggregation, and why might a data center bond multiple physical Ethernet links together?",Computer Networks,Network Devices
Explain why increasing bandwidth alone does not always fix a slow application.,Computer Networks,Networking Fundamentals
How would a network engineer use the OSI model as a mental checklist while diagnosing 'the network is slow' complaints?,Computer Networks,OSI Model
What is the difference between fixed-length subnet masking (FLSM) and variable-length subnet masking (VLSM)?,Computer Networks,Subnetting
Why might two TCP connections between the same pair of hosts use different port numbers even for the same application?,Computer Networks,TCP
What would you check first if 'nslookup' resolves a domain correctly but the browser still cannot load the site?,Computer Networks,DNS
"What is a honeypot, and how does it help security teams study attacker behavior without risking production systems?",Computer Networks,Network Security
Why is it important for a network administrator to periodically update the firmware on switches and routers?,Computer Networks,Network Devices
"What is meant by 'network scalability', and why is it a concern for a growing startup?",Computer Networks,Networking Fundamentals
A /28 subnet is assigned to a small office. How many usable host addresses does this subnet provide?,Computer Networks,Subnetting
Why might a company run its own internal DNS server in addition to relying on public DNS resolvers?,Computer Networks,DNS
What is the difference between an unmanaged switch and a smart (or web-managed) switch in terms of configurability?,Computer Networks,Network Devices
"An interviewer asks you to explain, in one minute, how data actually travels from your laptop to a website. How would you summarize it?",Computer Networks,Networking Fundamentals
Explain why the first and last addresses in any subnet are reserved and cannot be assigned to hosts.,Computer Networks,Subnetting
"What is a wildcard DNS record, and in what scenario might an organization use one?",Computer Networks,DNS
"What is an operating system, and why does almost every computer need one?",Operating Systems,OS Fundamentals
What are the main functions an operating system performs for a computer system?,Operating Systems,OS Functions
What services does an operating system typically provide to user programs?,Operating Systems,OS Services
"What is a system call, and why can't a user program directly access hardware without one?",Operating Systems,System Calls
"What is the kernel of an operating system, and why is it considered the core of the OS?",Operating Systems,Kernel
What is the difference between user mode and kernel mode in an operating system?,Operating Systems,User Mode / Kernel Mode
"What is a process, and how is it different from a program stored on disk?",Operating Systems,Process Management
List the typical states a process moves through during its lifetime.,Operating Systems,Process States
"What is a Process Control Block (PCB), and why is it essential for process management?",Operating Systems,Process Control Block
"What is the fork() system call used for, and what does it return to the parent and child processes?",Operating Systems,Process Creation
What are the common reasons a process might terminate normally or abnormally?,Operating Systems,Process Termination
"What is a context switch, and why is it necessary in a multitasking operating system?",Operating Systems,Context Switching
"What is a thread, and how does it differ from a process?",Operating Systems,Threads
"What are user-level threads, and how are they managed without kernel involvement?",Operating Systems,User-Level Threads
"What are kernel-level threads, and how does the kernel's involvement change their scheduling?",Operating Systems,Kernel-Level Threads
"What is multithreading, and what performance benefit does it offer on a multicore processor?",Operating Systems,Multithreading
What is the purpose of a CPU scheduler in an operating system?,Operating Systems,CPU Scheduling
How does First-Come-First-Served (FCFS) scheduling decide which process runs next?,Operating Systems,FCFS Scheduling
How does Shortest Job First (SJF) scheduling select the next process to execute?,Operating Systems,SJF Scheduling
"What is Shortest Remaining Time First (SRTF) scheduling, and how does it differ from SJF?",Operating Systems,SRTF Scheduling
"How does Round Robin scheduling work, and what role does the time quantum play?",Operating Systems,Round Robin
How does priority scheduling decide which process to run next?,Operating Systems,Priority Scheduling
"What is multilevel queue scheduling, and why might a system separate processes into different queues?",Operating Systems,Multilevel Queue Scheduling
"What is a multilevel feedback queue, and how does it improve on a simple multilevel queue?",Operating Systems,Multilevel Feedback Queue
Compare FCFS and Round Robin scheduling in terms of responsiveness for interactive users.,Operating Systems,Scheduling Algorithms Comparison
"What is process synchronization, and why is it necessary when multiple processes share resources?",Operating Systems,Synchronization
"What is a race condition, and why does it typically occur in concurrent programs?",Operating Systems,Race Conditions
"What is a critical section, and why must only one process be allowed to execute it at a time?",Operating Systems,Critical Section
"What is a mutex, and how does it enforce mutual exclusion over a shared resource?",Operating Systems,Mutex
"What is a semaphore, and how do the wait() and signal() operations control access to a resource?",Operating Systems,Semaphores
"What is a monitor in the context of process synchronization, and how does it simplify writing correct concurrent code?",Operating Systems,Monitors
Why are classical synchronization problems like producer-consumer and dining philosophers commonly used to teach concurrency concepts?,Operating Systems,Classical Synchronization Problems
"What is the producer-consumer problem, and why does it require synchronization between the two roles?",Operating Systems,Producer-Consumer
"What is the readers-writers problem, and why must writers have exclusive access while readers can share access?",Operating Systems,Readers-Writers
"What is the dining philosophers problem, and what real synchronization issue does it represent?",Operating Systems,Dining Philosophers
"What is a deadlock, and why can it bring a set of processes to a permanent standstill?",Operating Systems,Deadlocks
"What is deadlock prevention, and how does it differ from deadlock avoidance?",Operating Systems,Deadlock Prevention
"What is deadlock avoidance, and what additional information does the OS need compared to deadlock prevention?",Operating Systems,Deadlock Avoidance
"What is the Banker's algorithm, and what problem does it solve?",Operating Systems,Banker's Algorithm
"What is deadlock detection, and how does it differ from prevention and avoidance?",Operating Systems,Deadlock Detection
What options does an operating system have once a deadlock has been detected?,Operating Systems,Deadlock Recovery
What is the role of the memory management unit in an operating system?,Operating Systems,Memory Management
"What is contiguous memory allocation, and why is it simple but prone to fragmentation?",Operating Systems,Contiguous Memory Allocation
"What is paging, and how does it solve the problem of external fragmentation?",Operating Systems,Paging
"What is a page table, and what information does each entry typically store?",Operating Systems,Page Tables
"What is multi-level paging, and why is it used instead of a single flat page table for large address spaces?",Operating Systems,Multi-Level Paging
"What is segmentation, and how does it differ conceptually from paging?",Operating Systems,Segmentation
"What is segmentation with paging, and why do some systems combine the two techniques?",Operating Systems,Segmentation with Paging
"What is virtual memory, and how does it allow a process to use more memory than is physically available?",Operating Systems,Virtual Memory
"What is demand paging, and why does it load pages into memory only when they are needed?",Operating Systems,Demand Paging
"What is a page fault, and what steps does the operating system take to handle one?",Operating Systems,Page Faults
"What is page replacement, and when does the operating system need to invoke a page replacement algorithm?",Operating Systems,Page Replacement
How does the FIFO page replacement algorithm decide which page to evict?,Operating Systems,FIFO Page Replacement
How does the Least Recently Used (LRU) page replacement algorithm decide which page to evict?,Operating Systems,LRU Page Replacement
"What is the optimal page replacement algorithm, and why is it considered a theoretical benchmark rather than a practical algorithm?",Operating Systems,Optimal Page Replacement
"What is thrashing, and why does it cause CPU utilization to drop even though the system is very busy?",Operating Systems,Thrashing
"What is a file system, and what core responsibilities does it have?",Operating Systems,File Systems
"What is file allocation, and why does the OS need a strategy for storing file blocks on disk?",Operating Systems,File Allocation
"What is a directory structure, and why do most modern operating systems use a hierarchical (tree) structure?",Operating Systems,Directory Structure
"What is an inode, and what kind of information does it store about a file?",Operating Systems,Inodes
"What is disk scheduling, and why is it necessary for improving disk I/O performance?",Operating Systems,Disk Scheduling
How does FCFS disk scheduling process incoming disk requests?,Operating Systems,FCFS Disk Scheduling
How does Shortest Seek Time First (SSTF) disk scheduling choose the next request to service?,Operating Systems,SSTF Disk Scheduling
"How does SCAN disk scheduling work, and why is it often called the elevator algorithm?",Operating Systems,SCAN / C-SCAN
What is the role of I/O management within an operating system?,Operating Systems,I/O Management
"What is device management, and why does the OS maintain a device driver for each type of hardware?",Operating Systems,Device Management
"What is buffering, and why does it help smooth out differences in speed between a producer and a consumer of data?",Operating Systems,Buffering / Caching / Spooling
"What is Inter-Process Communication (IPC), and why do processes sometimes need to communicate with each other?",Operating Systems,Inter-Process Communication
"What is a pipe, and how does it allow data to flow between two related processes?",Operating Systems,Pipes
"What is shared memory IPC, and why is it generally faster than message passing?",Operating Systems,Shared Memory
"What is message passing IPC, and how does it differ from shared memory in terms of data exchange?",Operating Systems,Message Passing
"What is a signal in an operating system context, and what purpose does it serve?",Operating Systems,Signals
"Compare pipes, shared memory, and message queues as different IPC mechanisms in terms of typical use case.",Operating Systems,IPC Mechanisms
What is the difference between protection and security in the context of an operating system?,Operating Systems,Protection and Security
"What is access control, and how does an operating system use it to restrict file and resource access?",Operating Systems,Access Control
"What is virtualization, and how does a hypervisor enable multiple operating systems to run on one physical machine?",Operating Systems,Virtualization
"What is a distributed operating system, and how does it differ from a network operating system?",Operating Systems,Distributed Operating Systems
"What is a Real-Time Operating System (RTOS), and how does it differ from a general-purpose operating system?",Operating Systems,Real-Time Operating Systems
Explain the difference between an operating system acting as a resource manager and as an extended machine.,Operating Systems,OS Fundamentals
How does an operating system manage memory allocation among multiple running programs?,Operating Systems,OS Functions
Why does an operating system provide error detection as one of its services?,Operating Systems,OS Services
Explain what happens internally when a user program invokes a system call like read().,Operating Systems,System Calls
Differentiate between a monolithic kernel and a microkernel.,Operating Systems,Kernel
"Why does a mode bit exist in the CPU, and how does it enforce the separation between user and kernel mode?",Operating Systems,User Mode / Kernel Mode
Why does an operating system need to manage multiple processes running concurrently on a single CPU?,Operating Systems,Process Management
What is the difference between the 'ready' state and the 'waiting' state of a process?,Operating Systems,Process States
What key pieces of information are typically stored inside a PCB?,Operating Systems,Process Control Block
Explain the difference between a parent process and a child process after a fork() call.,Operating Systems,Process Creation
"What is a zombie process, and why does it occur?",Operating Systems,Process Termination
What information must be saved and restored during a context switch?,Operating Systems,Context Switching
Why is creating a thread generally considered less expensive than creating a process?,Operating Systems,Threads
What is a major drawback of user-level threads when one thread makes a blocking system call?,Operating Systems,User-Level Threads
Why do kernel-level threads handle blocking system calls better than user-level threads?,Operating Systems,Kernel-Level Threads
"Differentiate between the many-to-one, one-to-one, and many-to-many threading models.",Operating Systems,Multithreading
What is the difference between preemptive and non-preemptive scheduling?,Operating Systems,CPU Scheduling
"What is the convoy effect in FCFS scheduling, and why does it hurt average waiting time?",Operating Systems,FCFS Scheduling
Why is SJF considered optimal for minimizing average waiting time among non-preemptive algorithms?,Operating Systems,SJF Scheduling
Why can SRTF cause starvation for longer processes in a system with continuous short-job arrivals?,Operating Systems,SRTF Scheduling
What happens to average waiting time if the time quantum in Round Robin is set too small?,Operating Systems,Round Robin
"What is starvation in the context of priority scheduling, and when does it typically occur?",Operating Systems,Priority Scheduling
How are processes typically assigned to a particular queue in a multilevel queue scheduler?,Operating Systems,Multilevel Queue Scheduling
Why can a multilevel feedback queue allow a process to move to a higher-priority queue over time?,Operating Systems,Multilevel Feedback Queue
Why might SJF be preferred in a batch system but unsuitable for an interactive time-sharing system?,Operating Systems,Scheduling Algorithms Comparison
Why can uncoordinated access to shared data by concurrent processes lead to inconsistent results?,Operating Systems,Synchronization
Explain with an example how two processes incrementing a shared counter can produce an incorrect final value.,Operating Systems,Race Conditions
What are the three requirements a solution to the critical section problem must satisfy?,Operating Systems,Critical Section
What is the difference between a mutex and a binary semaphore?,Operating Systems,Mutex
Differentiate between a counting semaphore and a binary semaphore.,Operating Systems,Semaphores
How do condition variables work within a monitor?,Operating Systems,Monitors
What do the classical synchronization problems have in common in terms of the underlying challenge they illustrate?,Operating Systems,Classical Synchronization Problems
How do semaphores for 'empty' and 'full' slots help solve the bounded-buffer producer-consumer problem?,Operating Systems,Producer-Consumer
Why can the readers-writers problem lead to writer starvation if reader priority is not carefully managed?,Operating Systems,Readers-Writers
"Why can a naive solution to the dining philosophers problem, where each philosopher picks up the left fork first, lead to deadlock?",Operating Systems,Dining Philosophers
What are the four necessary conditions for a deadlock to occur?,Operating Systems,Deadlocks
"How can eliminating the hold-and-wait condition prevent deadlock, and what practical drawback does this approach have?",Operating Systems,Deadlock Prevention
"What is a safe state, and why does the OS only grant a resource request if the resulting state remains safe?",Operating Systems,Deadlock Avoidance
"Explain how the Banker's algorithm uses the concepts of available, allocation, and maximum matrices.",Operating Systems,Banker's Algorithm
How is a resource allocation graph used to detect the presence of a deadlock?,Operating Systems,Deadlock Detection
Why is process termination considered a drastic recovery method for resolving a deadlock?,Operating Systems,Deadlock Recovery
Why must an operating system keep track of which parts of memory are free and which are allocated?,Operating Systems,Memory Management
Differentiate between internal fragmentation and external fragmentation.,Operating Systems,Contiguous Memory Allocation
What is the difference between a page and a frame in paging?,Operating Systems,Paging
"Why does a large address space require a large page table, and what problem does this create?",Operating Systems,Page Tables
Explain how a two-level page table reduces the memory overhead of storing page table entries for sparse address spaces.,Operating Systems,Multi-Level Paging
Why does segmentation align more naturally with a programmer's logical view of a program than paging does?,Operating Systems,Segmentation
How does combining segmentation and paging get the logical benefits of segmentation while avoiding external fragmentation?,Operating Systems,Segmentation with Paging
Why does virtual memory improve the degree of multiprogramming possible on a system?,Operating Systems,Virtual Memory
How does demand paging reduce the amount of memory used and the time needed to start a large program?,Operating Systems,Demand Paging
Why does a page fault cause a significant performance penalty compared to a normal memory access?,Operating Systems,Page Faults
Why is choosing a good page replacement algorithm important for overall system performance?,Operating Systems,Page Replacement
"For the reference string 1, 2, 3, 4, 1, 2, 5 with 3 frames, determine the number of page faults using FIFO.",Operating Systems,FIFO Page Replacement
Why is LRU generally considered to perform better than FIFO in practice?,Operating Systems,LRU Page Replacement
"Why does the optimal algorithm require future knowledge of the reference string, making it impossible to implement in a real system?",Operating Systems,Optimal Page Replacement
How does the degree of multiprogramming relate to the onset of thrashing?,Operating Systems,Thrashing
What is the difference between a file and a directory from the operating system's perspective?,Operating Systems,File Systems
"Differentiate between contiguous, linked, and indexed file allocation methods.",Operating Systems,File Allocation
What is the difference between a single-level and a two-level directory structure?,Operating Systems,Directory Structure
Why does an inode store metadata separately from the actual filename?,Operating Systems,Inodes
Why does minimizing seek time matter so much for mechanical hard disk performance?,Operating Systems,Disk Scheduling
Why can FCFS disk scheduling lead to poor performance when requests are scattered far apart on the disk?,Operating Systems,FCFS Disk Scheduling
Why can SSTF cause starvation for requests that are far from the current head position?,Operating Systems,SSTF Disk Scheduling
What is the key difference between SCAN and C-SCAN in how they handle the return sweep?,Operating Systems,SCAN / C-SCAN
Why does the OS use device drivers to abstract the differences between hardware devices from applications?,Operating Systems,I/O Management
"What is Direct Memory Access (DMA), and how does it reduce CPU overhead during large data transfers?",Operating Systems,Device Management
What is the difference between caching and buffering in an operating system context?,Operating Systems,Buffering / Caching / Spooling
What is the difference between IPC through shared memory and IPC through message passing?,Operating Systems,Inter-Process Communication
What is the difference between an unnamed pipe and a named pipe (FIFO)?,Operating Systems,Pipes
"Why does shared memory require explicit synchronization, such as semaphores, to avoid race conditions?",Operating Systems,Shared Memory
What is the difference between direct and indirect communication in message passing?,Operating Systems,Message Passing
How does a process typically respond to receiving a signal like SIGTERM or SIGKILL?,Operating Systems,Signals
Why might an operating system offer multiple IPC mechanisms instead of just one general-purpose method?,Operating Systems,IPC Mechanisms
Why does an operating system enforce protection domains to limit what a process can access?,Operating Systems,Protection and Security
What is the difference between an access control list (ACL) and a capability-based access control model?,Operating Systems,Access Control
What is the difference between a Type 1 (bare-metal) hypervisor and a Type 2 (hosted) hypervisor?,Operating Systems,Virtualization
"Why is achieving a consistent, global view of system state difficult in a distributed operating system?",Operating Systems,Distributed Operating Systems
"Differentiate between a hard real-time system and a soft real-time system, with an example of each.",Operating Systems,Real-Time Operating Systems
Why is the operating system described as an intermediary between the user and computer hardware?,Operating Systems,OS Fundamentals
Why is process management considered one of the core responsibilities of an operating system?,Operating Systems,OS Functions
What is the purpose of the command interpreter (shell) as an OS service?,Operating Systems,OS Services
What is the difference between a system call and a library function call?,Operating Systems,System Calls
Why do microkernels generally offer better fault isolation than monolithic kernels?,Operating Systems,Kernel
What happens when a user-mode process attempts to execute a privileged instruction directly?,Operating Systems,User Mode / Kernel Mode
What information does the operating system need to track for every active process?,Operating Systems,Process Management
"Why does a process move from the running state to the waiting state, and what triggers this transition?",Operating Systems,Process States
Why must the PCB be updated during a context switch?,Operating Systems,Process Control Block
"What is the purpose of the exec() system call, and how does it typically follow a fork() call?",Operating Systems,Process Creation
"What is an orphan process, and how does the operating system typically handle it?",Operating Systems,Process Termination
Why is context switching considered pure overhead from the perspective of useful computation?,Operating Systems,Context Switching
What resources do threads within the same process typically share?,Operating Systems,Threads
Why are user-level threads generally faster to create and switch between than kernel-level threads?,Operating Systems,User-Level Threads
What is the overhead tradeoff of kernel-level threads compared to user-level threads?,Operating Systems,Kernel-Level Threads
Why might a web server use multithreading instead of spawning a new process for each client request?,Operating Systems,Multithreading
Why does an operating system need a scheduling algorithm instead of simply running processes in the order they arrive?,Operating Systems,CPU Scheduling
"Three processes with burst times 24, 3, and 3 arrive in that order. Calculate the average waiting time under FCFS.",Operating Systems,FCFS Scheduling
What is a major practical difficulty in implementing SJF scheduling in a real system?,Operating Systems,SJF Scheduling
A running process can be preempted by a newly arrived process under SRTF. Under what condition does this preemption occur?,Operating Systems,SRTF Scheduling
Why does Round Robin scheduling behave like FCFS if the time quantum is set very large?,Operating Systems,Round Robin
"What is aging, and how does it solve the starvation problem in priority scheduling?",Operating Systems,Priority Scheduling
What is a limitation of multilevel queue scheduling regarding processes moving between queues?,Operating Systems,Multilevel Queue Scheduling
What parameters define a multilevel feedback queue scheduler's behavior?,Operating Systems,Multilevel Feedback Queue
An interviewer asks you to choose the best scheduling algorithm for a real-time embedded system. How would you justify your choice?,Operating Systems,Scheduling Algorithms Comparison
What is the difference between synchronization and mutual exclusion?,Operating Systems,Synchronization
"Why does the outcome of a race condition often depend on the exact timing of thread execution, making it hard to reproduce?",Operating Systems,Race Conditions
What is meant by 'bounded waiting' as a requirement for critical section solutions?,Operating Systems,Critical Section
Why must the process that locks a mutex also be the one responsible for unlocking it?,Operating Systems,Mutex
How can a semaphore be used to solve the producer-consumer problem?,Operating Systems,Semaphores
Why are monitors considered a higher-level synchronization construct compared to semaphores?,Operating Systems,Monitors
Why is the dining philosophers problem specifically useful for illustrating deadlock rather than just race conditions?,Operating Systems,Classical Synchronization Problems
What could go wrong if a producer adds an item to a buffer without checking whether it is full?,Operating Systems,Producer-Consumer
What is the difference between the first and second readers-writers problem variants in terms of fairness?,Operating Systems,Readers-Writers
What is one common technique used to prevent deadlock in the dining philosophers problem?,Operating Systems,Dining Philosophers
Explain the mutual exclusion condition as it relates to deadlock.,Operating Systems,Deadlocks
Explain how enforcing a strict ordering of resource requests can prevent circular wait.,Operating Systems,Deadlock Prevention
Why does deadlock avoidance require the system to know the maximum resource needs of each process in advance?,Operating Systems,Deadlock Avoidance
"Given a system state, how would you determine whether granting a particular resource request keeps the system in a safe state?",Operating Systems,Banker's Algorithm
What is the difference between a wait-for graph and a resource allocation graph in deadlock detection?,Operating Systems,Deadlock Detection
"What is resource preemption as a deadlock recovery technique, and what complication can arise from repeatedly preempting the same process?",Operating Systems,Deadlock Recovery
What is the difference between logical address space and physical address space?,Operating Systems,Memory Management
"What is the difference between first-fit, best-fit, and worst-fit memory allocation strategies?",Operating Systems,Contiguous Memory Allocation
Why does paging allow a process's memory to be non-contiguous in physical memory?,Operating Systems,Paging
"What is a Translation Lookaside Buffer (TLB), and how does it speed up address translation?",Operating Systems,Page Tables
What is the tradeoff of using multi-level paging in terms of address translation speed?,Operating Systems,Multi-Level Paging
"What is a segment table, and what information does it store for each segment?",Operating Systems,Segmentation
How does a system using segmentation with paging translate a logical address involving both a segment number and a page number?,Operating Systems,Segmentation with Paging
What is the relationship between virtual memory and secondary storage like a disk?,Operating Systems,Virtual Memory
"What is a pure demand paging system, and what happens on the very first memory reference?",Operating Systems,Demand Paging
A process references a page not currently in memory. Walk through what happens from the fault until execution resumes.,Operating Systems,Page Faults
"What is Belady's anomaly, and which page replacement algorithm is it associated with?",Operating Systems,Page Replacement
"Why can FIFO page replacement sometimes increase the number of page faults when more frames are added, and what is this phenomenon called?",Operating Systems,FIFO Page Replacement
"For the reference string 7, 0, 1, 2, 0, 3, 0, 4 with 3 frames, trace the page faults using LRU.",Operating Systems,LRU Page Replacement
How is the optimal algorithm used to evaluate the performance of practical page replacement algorithms like LRU?,Operating Systems,Optimal Page Replacement
"What is the working set model, and how does it help prevent thrashing?",Operating Systems,Thrashing
Why does an operating system need metadata about a file in addition to its actual content?,Operating Systems,File Systems
Why can contiguous file allocation lead to fragmentation over time as files are created and deleted?,Operating Systems,File Allocation
Why does a hierarchical directory structure make it easier for multiple users to have files with the same name?,Operating Systems,Directory Structure
What happens to a file's inode when a hard link is created pointing to the same file?,Operating Systems,Inodes
"What is the difference between seek time, rotational latency, and transfer time?",Operating Systems,Disk Scheduling
"Given disk requests at cylinders 98, 183, 37, 122, 14, 124, 65, 67 starting from 53, calculate total head movement under FCFS.",Operating Systems,FCFS Disk Scheduling
"Using the same disk request queue as FCFS, explain how SSTF would produce a different order of service.",Operating Systems,SSTF Disk Scheduling
Why does C-SCAN provide more uniform wait times across all disk requests compared to SCAN?,Operating Systems,SCAN / C-SCAN
What is the difference between polling and interrupt-driven I/O?,Operating Systems,I/O Management
"Why does the OS need to serialize access to a device that can only handle one request at a time, such as a printer?",Operating Systems,Device Management
"What is spooling, and how does it allow a slow device like a printer to be shared by multiple processes?",Operating Systems,Buffering / Caching / Spooling
Why does IPC require synchronization mechanisms in addition to just a communication channel?,Operating Systems,Inter-Process Communication
"Why can an unnamed pipe only be used between processes that share a common ancestor, such as parent and child?",Operating Systems,Pipes
What is a key security or stability risk of using shared memory between unrelated processes?,Operating Systems,Shared Memory
What is the difference between synchronous (blocking) and asynchronous (non-blocking) message passing?,Operating Systems,Message Passing
"Why can a process register a custom handler for some signals but not override others, such as SIGKILL?",Operating Systems,Signals
What factors would you consider when choosing between shared memory and message passing for a new application?,Operating Systems,IPC Mechanisms
"What is privilege escalation, and why is it a serious concern from an OS security standpoint?",Operating Systems,Protection and Security
"How do file permission bits (read, write, execute) implement a simple form of access control in Unix-like systems?",Operating Systems,Access Control
How does virtualization improve hardware utilization compared to dedicating one physical machine per application?,Operating Systems,Virtualization
"What is transparency in the context of distributed systems, and what forms can it take?",Operating Systems,Distributed Operating Systems
Why is predictability of response time often more important than raw average performance in an RTOS?,Operating Systems,Real-Time Operating Systems
What is the difference between a batch operating system and a time-sharing operating system?,Operating Systems,OS Fundamentals
How does an operating system coordinate access to shared hardware devices among competing processes?,Operating Systems,OS Functions
How does an operating system's service of 'program execution' differ from simply loading a file into memory?,Operating Systems,OS Services
Why does a system call typically cause a trap or software interrupt to occur?,Operating Systems,System Calls
"What is a hybrid kernel, and why do some modern operating systems adopt this design?",Operating Systems,Kernel
Why does switching between user mode and kernel mode introduce overhead during a system call?,Operating Systems,User Mode / Kernel Mode
How does the OS ensure fairness while allowing multiple processes to share limited CPU time?,Operating Systems,Process Management
"A process is waiting for disk I/O to complete. Which state is it in, and what moves it back to ready?",Operating Systems,Process States
How does the operating system use the PCB to resume a process exactly where it left off?,Operating Systems,Process Control Block
Why might a child process inherit some resources from its parent but not others?,Operating Systems,Process Creation
Why might a parent process need to call wait() after creating a child process?,Operating Systems,Process Termination
How does the frequency of context switches affect overall system performance?,Operating Systems,Context Switching
"Why can a bug in one thread potentially crash the entire process, unlike a bug isolated to a single process?",Operating Systems,Threads
Why does the operating system remain unaware of individual user-level threads within a process?,Operating Systems,User-Level Threads
Why can the operating system schedule kernel-level threads independently across multiple CPU cores?,Operating Systems,Kernel-Level Threads
What challenges does multithreading introduce that single-threaded programs do not face?,Operating Systems,Multithreading
What is the difference between a long-term scheduler and a short-term scheduler?,Operating Systems,CPU Scheduling
Why is FCFS scheduling considered simple to implement but poor for interactive systems?,Operating Systems,FCFS Scheduling
"Given processes with burst times 6, 8, 7, and 3 arriving at the same time, determine the execution order under non-preemptive SJF.",Operating Systems,SJF Scheduling
"Given processes arriving at different times with varying burst lengths, explain how SRTF would reorder execution when a shorter job arrives.",Operating Systems,SRTF Scheduling
"For processes with burst times 5, 4, and 2 and a time quantum of 2, trace the order in which they receive CPU time.",Operating Systems,Round Robin
Differentiate between preemptive and non-preemptive priority scheduling.,Operating Systems,Priority Scheduling
Why might a system use a separate scheduling algorithm for each queue in multilevel queue scheduling?,Operating Systems,Multilevel Queue Scheduling
How does a multilevel feedback queue use time quantum size differences across queues to balance responsiveness and throughput?,Operating Systems,Multilevel Feedback Queue
Compare priority scheduling and multilevel feedback queue scheduling in terms of susceptibility to starvation.,Operating Systems,Scheduling Algorithms Comparison
Why does synchronization become more complex as the number of concurrent processes accessing shared data increases?,Operating Systems,Synchronization
Why is a race condition considered a bug that may not appear consistently during testing?,Operating Systems,Race Conditions
"Why does Peterson's solution work only for two processes, and what mechanism does it rely on?",Operating Systems,Critical Section
What happens if a mutex is never released after being acquired?,Operating Systems,Mutex
"What is a busy-waiting semaphore, and why is it considered inefficient compared to a blocking semaphore?",Operating Systems,Semaphores
What is the purpose of the wait() and signal() operations within a monitor's condition variables?,Operating Systems,Monitors
What common resource-sharing pattern do the producer-consumer and readers-writers problems both represent?,Operating Systems,Classical Synchronization Problems
Why does the producer-consumer problem require a bounded buffer to be treated as a shared critical resource?,Operating Systems,Producer-Consumer
Why is it safe for multiple readers to access shared data simultaneously but not for a writer and any reader?,Operating Systems,Readers-Writers
Why does allowing at most four out of five philosophers to sit at the table simultaneously prevent deadlock?,Operating Systems,Dining Philosophers
"What is the hold-and-wait condition, and how does it contribute to deadlock?",Operating Systems,Deadlocks
Why is preventing mutual exclusion not a practical strategy for most resources like printers?,Operating Systems,Deadlock Prevention
"Why does deadlock avoidance require processes to declare their maximum resource needs in advance, which is not always practical?",Operating Systems,Deadlock Avoidance
Why is the Banker's algorithm considered impractical in some real systems despite being theoretically sound?,Operating Systems,Banker's Algorithm
"How often should an operating system run its deadlock detection algorithm, and what tradeoff does this involve?",Operating Systems,Deadlock Detection
Why might an OS choose to roll back a process to a previous checkpoint rather than terminate it during deadlock recovery?,Operating Systems,Deadlock Recovery
How does memory protection prevent one process from accessing another process's memory?,Operating Systems,Memory Management
"Why does compaction help address external fragmentation, and what is its main cost?",Operating Systems,Contiguous Memory Allocation
"Given a page size of 4KB and a logical address of 5000, determine the page number and offset.",Operating Systems,Paging
"What happens during a TLB miss, and how is it different from a TLB hit?",Operating Systems,Page Tables
Why can multi-level paging increase the number of memory accesses required for a single address translation?,Operating Systems,Multi-Level Paging
Why can segmentation still suffer from external fragmentation even though paging does not?,Operating Systems,Segmentation
Why might an operating system choose segmentation with paging over pure paging for a system emphasizing modular program structure?,Operating Systems,Segmentation with Paging
Why does virtual memory allow a program larger than physical RAM to still execute correctly?,Operating Systems,Virtual Memory
Why does demand paging rely on a valid-invalid bit in the page table to track which pages are currently in memory?,Operating Systems,Demand Paging
What is the difference between a minor page fault and a major page fault?,Operating Systems,Page Faults
Why do all page replacement algorithms aim to minimize the number of future page faults given limited information?,Operating Systems,Page Replacement
Why does FIFO page replacement not consider how frequently or recently a page was actually used?,Operating Systems,FIFO Page Replacement
"What data structures can be used to implement LRU efficiently, and why is a simple counter-based approach costly?",Operating Systems,LRU Page Replacement
"Why does the optimal algorithm never suffer from Belady's anomaly, unlike FIFO?",Operating Systems,Optimal Page Replacement
"A system's CPU utilization drops sharply as more processes are added, and disk activity increases. What is likely happening, and what should be done?",Operating Systems,Thrashing
What is the difference between sequential access and direct access to a file?,Operating Systems,File Systems
What is a major advantage of indexed allocation over linked allocation for direct access to file blocks?,Operating Systems,File Allocation
Why do acyclic-graph directory structures allow shared files but require careful handling of deletion?,Operating Systems,Directory Structure
"Why can two different filenames refer to the same inode, and what does this imply about deleting one of them?",Operating Systems,Inodes
Why is disk scheduling less relevant for modern SSDs compared to traditional spinning hard disks?,Operating Systems,Disk Scheduling
Why is FCFS disk scheduling the simplest but often least efficient disk scheduling strategy?,Operating Systems,FCFS Disk Scheduling
"Why does SSTF behave similarly to a greedy algorithm, and what downside does this greedy approach create?",Operating Systems,SSTF Disk Scheduling
"What is LOOK scheduling, and how does it improve on SCAN by not going all the way to the disk's edge?",Operating Systems,SCAN / C-SCAN
Why is interrupt-driven I/O generally more efficient than polling for most devices?,Operating Systems,I/O Management
Why does the OS maintain a queue of pending requests for devices that can only serve one request at a time?,Operating Systems,Device Management
Why does disk caching improve overall file system performance for frequently accessed data?,Operating Systems,Buffering / Caching / Spooling
Why do processes running on different machines rely on message passing rather than shared memory for IPC?,Operating Systems,Inter-Process Communication
Why is a pipe inherently a one-way (unidirectional) communication channel unless two pipes are used together?,Operating Systems,Pipes
Why must processes attach to the same shared memory segment before they can communicate through it?,Operating Systems,Shared Memory
Why is message passing often preferred over shared memory for communication between processes on different machines?,Operating Systems,Message Passing
What is the difference between a signal and a message in terms of the amount of data they carry?,Operating Systems,Signals
Why might a system use sockets as an IPC mechanism even for processes running on the same machine?,Operating Systems,IPC Mechanisms
How does the principle of least privilege apply to how an operating system grants permissions to processes?,Operating Systems,Protection and Security
Why might role-based access control be preferred over per-user permissions in a large organization?,Operating Systems,Access Control
What is the difference between full virtualization and paravirtualization?,Operating Systems,Virtualization
Why does a distributed operating system need mechanisms for handling partial failures that a single-machine OS does not?,Operating Systems,Distributed Operating Systems
What scheduling considerations are unique to real-time operating systems compared to conventional time-sharing systems?,Operating Systems,Real-Time Operating Systems
Why did multiprogramming become necessary as computers grew more powerful?,Operating Systems,OS Fundamentals
How does an operating system provide a consistent interface to applications despite differences in underlying hardware?,Operating Systems,OS Functions
What is the difference between a user interface service and a communication service provided by an OS?,Operating Systems,OS Services
"Give an example of a system call used for process creation, and explain what it does.",Operating Systems,System Calls
What is the difference between kernel space and the rest of the operating system's supporting utilities?,Operating Systems,Kernel
Why is it dangerous for user applications to run directly in kernel mode without any restriction?,Operating Systems,User Mode / Kernel Mode
"What is the difference between CPU-bound and I/O-bound processes, and why does this distinction matter for scheduling?",Operating Systems,Process Management
What is the difference between a 'new' process and a 'terminated' process in the process state diagram?,Operating Systems,Process States
Why is the PCB considered the single source of truth about a process's current status?,Operating Systems,Process Control Block
Why does creating a new process typically require more overhead than creating a new thread within an existing process?,Operating Systems,Process Creation
What is the difference between a process terminating voluntarily and being killed by the operating system?,Operating Systems,Process Termination
Why does a context switch on a system with a large number of registers generally take longer than on a simpler architecture?,Operating Systems,Context Switching
Why is sharing memory between threads both an advantage for performance and a source of synchronization bugs?,Operating Systems,Threads
What library is typically responsible for scheduling user-level threads onto available kernel threads?,Operating Systems,User-Level Threads
What is a disadvantage of kernel-level threads in terms of creation and management cost?,Operating Systems,Kernel-Level Threads
"What is the many-to-many threading model, and how does it try to combine the benefits of user-level and kernel-level threads?",Operating Systems,Multithreading
What is meant by 'dispatch latency' in the context of CPU scheduling?,Operating Systems,CPU Scheduling
Why does FCFS scheduling perform poorly when a long CPU-bound process arrives just before several short processes?,Operating Systems,FCFS Scheduling
How can the operating system estimate the length of the next CPU burst if SJF requires future knowledge it cannot have exactly?,Operating Systems,SJF Scheduling
Why does SRTF minimize average waiting time more effectively than non-preemptive SJF when arrival times vary?,Operating Systems,SRTF Scheduling
Why is Round Robin considered fair but not necessarily optimal in terms of average turnaround time?,Operating Systems,Round Robin
Why might a system combine priority scheduling with Round Robin among processes of equal priority?,Operating Systems,Priority Scheduling
What is a drawback of assigning fixed priority between queues in multilevel queue scheduling?,Operating Systems,Multilevel Queue Scheduling
Why is multilevel feedback queue scheduling considered the most general and flexible CPU scheduling algorithm?,Operating Systems,Multilevel Feedback Queue
Why does no single scheduling algorithm work best for every type of workload?,Operating Systems,Scheduling Algorithms Comparison
What is the difference between synchronization primitives that use busy-waiting and those that block the calling process?,Operating Systems,Synchronization
What tools or techniques can help detect race conditions in concurrent programs during development?,Operating Systems,Race Conditions
What is the entry section and exit section of a process with respect to the critical section problem?,Operating Systems,Critical Section
"Why is a mutex considered ownership-based, unlike a general semaphore?",Operating Systems,Mutex
Why must the wait() and signal() operations on a semaphore be implemented atomically?,Operating Systems,Semaphores
Why do monitors help prevent common synchronization mistakes compared to manually managing semaphores?,Operating Systems,Monitors
What happens if a consumer tries to remove an item from an empty buffer without proper synchronization?,Operating Systems,Producer-Consumer
How can a semaphore-based solution to the readers-writers problem track the number of active readers?,Operating Systems,Readers-Writers
"How does introducing an asymmetry, such as one philosopher picking up forks in reverse order, help avoid deadlock?",Operating Systems,Dining Philosophers
"What is circular wait, and why is breaking this condition often the easiest way to prevent deadlock?",Operating Systems,Deadlocks
How does ensuring a process requests all its required resources at once help prevent hold-and-wait?,Operating Systems,Deadlock Prevention
What is the difference between a safe sequence and an unsafe state in deadlock avoidance?,Operating Systems,Deadlock Avoidance
"What is the safety algorithm within the Banker's algorithm, and what does it output?",Operating Systems,Banker's Algorithm
Why does deadlock detection allow deadlocks to occur but focuses on identifying them after the fact?,Operating Systems,Deadlock Detection
Why might selectively terminating only one process in a deadlock cycle be preferable to killing all involved processes?,Operating Systems,Deadlock Recovery
Why does efficient memory management directly affect the degree of multiprogramming a system can support?,Operating Systems,Memory Management
Why does contiguous allocation make it simple to calculate a memory address but hard to grow a process's memory later?,Operating Systems,Contiguous Memory Allocation
"What is internal fragmentation in paging, and why can it still occur despite fixed-size pages?",Operating Systems,Paging
Why does an inverted page table use less memory than a standard per-process page table for large address spaces?,Operating Systems,Page Tables
How does a hierarchical page table avoid allocating entries for unused regions of a sparse address space?,Operating Systems,Multi-Level Paging
"Why is protection often easier to express in segmentation, where each segment can have its own access rights?",Operating Systems,Segmentation
What is the role of the page table in supporting the illusion of virtual memory for each process?,Operating Systems,Virtual Memory
What is the tradeoff between demand paging's memory savings and the potential cost of frequent page faults?,Operating Systems,Demand Paging
Why is a page fault treated as a type of interrupt or trap rather than a normal instruction outcome?,Operating Systems,Page Faults
"What is the second-chance (clock) algorithm, and how does it approximate LRU with less overhead?",Operating Systems,Page Replacement
"What is a practical reason FIFO might still be chosen despite its known weaknesses, such as Belady's anomaly?",Operating Systems,FIFO Page Replacement
Why is exact LRU implementation considered expensive in terms of hardware or software overhead?,Operating Systems,LRU Page Replacement
In what way does comparing an algorithm's fault rate to the optimal algorithm help evaluate its real-world quality?,Operating Systems,Optimal Page Replacement
Why does adding more processes to a thrashing system make performance worse instead of better?,Operating Systems,Thrashing
Why must a file system balance ease of access with efficient use of disk space?,Operating Systems,File Systems
Why does linked allocation avoid external fragmentation but perform poorly for direct access?,Operating Systems,File Allocation
"What problem can arise in a directory structure that allows cycles, and how do file systems typically prevent it?",Operating Systems,Directory Structure
"Why does the number of inodes on a file system limit the maximum number of files it can store, regardless of free disk space?",Operating Systems,Inodes
What is the goal of a disk scheduling algorithm in terms of balancing throughput and fairness?,Operating Systems,Disk Scheduling
Why does SCAN reduce the risk of starvation compared to SSTF while still favoring requests near the current head position?,Operating Systems,SCAN / C-SCAN
Why does the operating system provide a uniform device-independent interface even though hardware devices vary greatly?,Operating Systems,I/O Management
What is the purpose of an interrupt handler in managing communication between a device and the CPU?,Operating Systems,Device Management
Why can a mismatch in speed between a fast producer and a slow consumer be managed using a buffer?,Operating Systems,Buffering / Caching / Spooling
What role does the operating system play in setting up and managing an IPC channel between two processes?,Operating Systems,Inter-Process Communication
What limits the amount of data that can be written to a pipe before the writing process blocks?,Operating Systems,Pipes
What is a typical use case where shared memory IPC significantly outperforms message passing?,Operating Systems,Shared Memory
"Why does message passing avoid many of the race conditions common to shared memory, at the cost of some performance?",Operating Systems,Message Passing
Why is a signal considered an asynchronous notification mechanism rather than a synchronous one?,Operating Systems,Signals
"What criteria would you use to decide between pipes, shared memory, and message queues for a specific application?",Operating Systems,IPC Mechanisms
Why is protection considered an internal problem while security often involves external threats as well?,Operating Systems,Protection and Security
Why is a capability-based system sometimes considered more flexible than a traditional access control list?,Operating Systems,Access Control
Why does virtualization enable better isolation between applications compared to running them directly on the same OS instance?,Operating Systems,Virtualization
Why is clock synchronization a nontrivial problem in distributed operating systems?,Operating Systems,Distributed Operating Systems
Why do hard real-time systems require guaranteed worst-case response times rather than just good average performance?,Operating Systems,Real-Time Operating Systems
What is the difference between multiprogramming and multitasking?,Operating Systems,OS Fundamentals
Why is accounting (tracking resource usage) considered a useful function of an operating system?,Operating Systems,OS Functions
Why does an operating system provide a file management service rather than leaving it entirely to applications?,Operating Systems,OS Services
What is the difference between a blocking and a non-blocking system call?,Operating Systems,System Calls
Why does a monolithic kernel typically offer better performance than a microkernel despite weaker isolation?,Operating Systems,Kernel
What triggers a transition from user mode to kernel mode besides an explicit system call?,Operating Systems,User Mode / Kernel Mode
Why does the operating system maintain a process table to track all currently existing processes?,Operating Systems,Process Management
Why does an operating system need a 'suspended' or 'swapped-out' state in addition to the basic five states?,Operating Systems,Process States
How does the operating system locate the correct PCB when handling an interrupt related to a specific process?,Operating Systems,Process Control Block
"What is copy-on-write, and how does it optimize the fork() system call?",Operating Systems,Process Creation
Why might an operating system terminate a child process automatically if its parent terminates first?,Operating Systems,Process Termination
How do modern CPUs use hardware support to reduce the time cost of a context switch?,Operating Systems,Context Switching
What is the difference between a thread's stack and the heap it shares with other threads in the same process?,Operating Systems,Threads
Why might a CPU-bound application benefit less from multithreading on a single-core processor than an I/O-bound application?,Operating Systems,Multithreading
"What are the main criteria (such as CPU utilization, throughput, and turnaround time) used to evaluate a scheduling algorithm?",Operating Systems,CPU Scheduling
"Given processes P1(burst=10), P2(burst=5), P3(burst=8) arriving in that order, compute the turnaround time for P3 under FCFS.",Operating Systems,FCFS Scheduling
Why is preemptive SJF (SRTF) sometimes preferred over non-preemptive SJF in interactive systems?,Operating Systems,SJF Scheduling
Why is Round Robin scheduling widely used in time-sharing systems despite not minimizing average waiting time?,Operating Systems,Round Robin
What is the difference between internally defined and externally defined process priorities?,Operating Systems,Priority Scheduling
Why is multilevel feedback queue scheduling considered adaptive compared to static scheduling algorithms like FCFS?,Operating Systems,Multilevel Feedback Queue
Compare SJF and Round Robin in terms of how well they handle a mix of short interactive tasks and long batch jobs.,Operating Systems,Scheduling Algorithms Comparison
Why must a solution to the critical section problem avoid deadlock as well as ensure mutual exclusion?,Operating Systems,Critical Section
What is a deadlock risk specific to using multiple mutexes in an incorrect order?,Operating Systems,Mutex
What value would a binary semaphore hold to indicate that a resource is currently unavailable?,Operating Systems,Semaphores
"Why do modern high-level languages often provide monitor-like constructs, such as synchronized blocks, to simplify concurrent programming?",Operating Systems,Monitors
Why might a system favor a solution to the readers-writers problem that gives writers priority in a database-heavy application?,Operating Systems,Readers-Writers
What is the difference between a deadlock and starvation?,Operating Systems,Deadlocks
Why can deadlock prevention techniques sometimes lead to low resource utilization?,Operating Systems,Deadlock Prevention
"Why is deadlock avoidance generally considered more resource-efficient than deadlock prevention, despite requiring more runtime computation?",Operating Systems,Deadlock Avoidance
Why is the Banker's algorithm named after a banking analogy involving loans and available capital?,Operating Systems,Banker's Algorithm
What is the time complexity concern of running a full deadlock detection algorithm frequently in a large system?,Operating Systems,Deadlock Detection
What factors should be considered when choosing which process to terminate during deadlock recovery?,Operating Systems,Deadlock Recovery
What is the difference between static and dynamic memory allocation from the operating system's point of view?,Operating Systems,Memory Management
How does the operating system use base and limit registers to protect a process's contiguous memory region?,Operating Systems,Contiguous Memory Allocation
Why is paging considered a solution that trades some memory overhead (page tables) for eliminating external fragmentation?,Operating Systems,Paging
What is the relationship between a high TLB hit rate and overall system performance?,Operating Systems,Page Tables
What is the risk of external fragmentation in a segmentation-only memory management scheme?,Operating Systems,Segmentation
What is the relationship between the size of a process's virtual address space and the amount of physical RAM the system actually has?,Operating Systems,Virtual Memory
Why does the effective access time in a demand paging system depend heavily on the page fault rate?,Operating Systems,Demand Paging
What happens if a page fault occurs but there is no free frame available in physical memory?,Operating Systems,Page Faults
Why does an operating system need to select a 'victim' frame instead of simply denying a page fault request when memory is full?,Operating Systems,Page Replacement
"What approximate LRU techniques, like the clock algorithm, are used in practice instead of exact LRU?",Operating Systems,LRU Page Replacement
How does reducing the degree of multiprogramming help recover a system from thrashing?,Operating Systems,Thrashing
What is the difference between a file's logical structure and its physical structure on disk?,Operating Systems,File Systems
"What is the purpose of a File Allocation Table (FAT), and how does it support linked allocation?",Operating Systems,File Allocation
What is the difference between direct blocks and indirect blocks referenced by an inode?,Operating Systems,Inodes
"Why do disk scheduling algorithms matter less on solid-state drives, which have no mechanical seek time?",Operating Systems,Disk Scheduling
"Given a disk head at cylinder 50 moving toward higher cylinder numbers, describe how SCAN would service requests at cylinders 30, 60, 90, and 10.",Operating Systems,SCAN / C-SCAN
What is the difference between character devices and block devices from an I/O management perspective?,Operating Systems,I/O Management
What is the difference between a single buffer and a double (circular) buffer in terms of overlap between production and consumption?,Operating Systems,Buffering / Caching / Spooling
Why is choosing the right IPC mechanism considered a key design decision when building a multi-process application?,Operating Systems,Inter-Process Communication
What is the difference between a message queue and a mailbox in message-passing IPC?,Operating Systems,Message Passing
What happens to a process that receives a signal for which it has installed a custom handler?,Operating Systems,Signals
Why does choosing an appropriate IPC mechanism become more critical as an application scales across multiple cooperating processes?,Operating Systems,IPC Mechanisms
What is the difference between authentication and authorization in an operating system's security model?,Operating Systems,Protection and Security
"What is the principle behind separating a file's owner, group, and other permission sets in Unix-style access control?",Operating Systems,Access Control
What is the difference between virtualization and containerization in terms of what each isolates?,Operating Systems,Virtualization
What is the difference between a distributed file system and a local file system in terms of the challenges it must solve?,Operating Systems,Distributed Operating Systems
"What is Rate Monotonic Scheduling, and why is it commonly used in real-time operating systems?",Operating Systems,Real-Time Operating Systems
Explain the difference between a single-user and a multi-user operating system.,Operating Systems,OS Fundamentals
Why does an operating system provide resource allocation as a distinct service separate from program execution?,Operating Systems,OS Services
"Why do system calls for file operations, like open() and close(), need to be paired correctly by the calling program?",Operating Systems,System Calls
"What is a loadable kernel module, and why is it useful for adding functionality without recompiling the whole kernel?",Operating Systems,Kernel
What is the difference between a process's text segment and its data segment in memory?,Operating Systems,Process Management
What event causes a process to transition from ready to running?,Operating Systems,Process States
Why might a server application prefer to pre-fork a pool of worker processes rather than creating a new one for every request?,Operating Systems,Process Creation
Why does an operating system need to reclaim all resources held by a process immediately upon its termination?,Operating Systems,Process Termination
Why do operating systems try to minimize unnecessary context switches even though they are a normal part of multitasking?,Operating Systems,Context Switching
Why can excessive numbers of threads in a single process lead to diminishing returns or even performance degradation?,Operating Systems,Threads
Why might a purely CPU-bound single-threaded application see no speedup at all from being made multithreaded on a single-core machine?,Operating Systems,Multithreading
Why is there often a tradeoff between maximizing throughput and minimizing response time in scheduling?,Operating Systems,CPU Scheduling
Why can SJF scheduling be seen as a special case that minimizes average waiting time when all processes arrive at the same time?,Operating Systems,SJF Scheduling
What happens to context-switch overhead as the time quantum in Round Robin decreases?,Operating Systems,Round Robin
"Given two processes with the same priority arriving at different times, how does a scheduler typically break the tie?",Operating Systems,Priority Scheduling
Why is disabling interrupts considered an impractical general solution to the critical section problem on a multiprocessor system?,Operating Systems,Critical Section
"In an interview, you are asked to explain the difference between a mutex and a semaphore in one sentence. How would you summarize it?",Operating Systems,Mutex
What is the difference between using a semaphore for mutual exclusion versus using it for signaling between processes?,Operating Systems,Semaphores
Why is it possible for a system to have circular wait among processes but still not be deadlocked?,Operating Systems,Deadlocks
Why does requesting resources in a globally agreed order across all processes prevent circular wait?,Operating Systems,Deadlock Prevention
"Given available resources and a set of processes with their maximum and allocated resources, how would you check if the system is currently in a safe state?",Operating Systems,Banker's Algorithm
Why is deadlock detection combined with a recovery mechanism rather than being used in isolation?,Operating Systems,Deadlock Detection
Why does an operating system need both memory allocation and memory deallocation strategies to avoid memory leaks over time?,Operating Systems,Memory Management
"Why does the best-fit allocation strategy sometimes leave many small, unusable fragments of free memory?",Operating Systems,Contiguous Memory Allocation
How does the page size chosen by the operating system affect the tradeoff between internal fragmentation and page table size?,Operating Systems,Paging
Why does increasing the page table size for very large address spaces motivate the use of hierarchical or hashed structures?,Operating Systems,Page Tables
"Why is protection information, such as read/write/execute rights, naturally attached to segments rather than fixed-size pages?",Operating Systems,Segmentation
"Why does virtual memory rely on secondary storage acting as an extension of physical RAM, and what performance cost does this introduce?",Operating Systems,Virtual Memory
Why does a high page fault rate signal that a process may not have enough frames allocated to it?,Operating Systems,Page Faults
Why is stack-based implementation a common technique for tracking recency of use in LRU page replacement?,Operating Systems,LRU Page Replacement
Why does monitoring page fault frequency help an operating system detect the onset of thrashing before performance collapses entirely?,Operating Systems,Thrashing
"Why does file system corruption sometimes occur after a sudden power loss, and how do journaling file systems help mitigate this?",Operating Systems,File Systems
Why is indexed allocation considered a good compromise between contiguous and linked allocation for supporting both sequential and direct access?,Operating Systems,File Allocation
"Why does deleting a file only remove its directory entry and decrement a link count, rather than immediately erasing its data blocks?",Operating Systems,Inodes
Why does an operating system's disk scheduler need to balance minimizing seek time against ensuring no request waits indefinitely?,Operating Systems,Disk Scheduling
Why does asynchronous I/O allow a process to continue executing other work while a slow I/O operation completes in the background?,Operating Systems,I/O Management
Why can improperly handled signals lead to race conditions within a single process's own signal handler code?,Operating Systems,Signals
Why is it good practice to grant a process only the specific permissions it needs rather than broad administrative access?,Operating Systems,Access Control
Why do cloud providers rely heavily on virtualization to offer multiple isolated virtual machines on the same physical hardware?,Operating Systems,Virtualization
"Why is priority inversion a particularly serious problem in real-time operating systems, and what technique like priority inheritance helps address it?",Operating Systems,Real-Time Operating Systems
What is the difference between a real-time operating system and a general-purpose operating system in terms of design goals?,Operating Systems,OS Fundamentals
How does the operating system validate the parameters passed to a system call before executing it?,Operating Systems,System Calls
Why does a kernel panic typically require a system restart rather than allowing the OS to recover gracefully?,Operating Systems,Kernel
Why is understanding process state transitions considered fundamental before studying CPU scheduling algorithms?,Operating Systems,Process States
Why is thread-safety a concern specifically for data shared across threads but not for data local to a single thread?,Operating Systems,Threads
What is the difference between turnaround time and response time for a process?,Operating Systems,CPU Scheduling
Why does choosing a time quantum close to the average CPU burst length generally give the best balance of fairness and overhead?,Operating Systems,Round Robin
Why is it important for a system to define resource types and instances clearly before analyzing deadlock conditions?,Operating Systems,Deadlocks
Why must the Banker's algorithm re-evaluate safety every time a new resource request is made rather than only once at startup?,Operating Systems,Banker's Algorithm
"Why does fragmentation, whether internal or external, ultimately waste usable memory capacity in a system?",Operating Systems,Memory Management
"Why does paging make it easier for the operating system to share code, such as libraries, between multiple processes?",Operating Systems,Paging
"Why is an operating system considered software rather than hardware, even though it manages hardware directly?",Operating Systems,OS Fundamentals
Why is the number of system calls invoked by a program often used as a rough indicator of how I/O-intensive it is?,Operating Systems,System Calls
Why does an interviewer often ask you to trace a Gantt chart by hand when evaluating your understanding of scheduling algorithms?,Operating Systems,CPU Scheduling
Why is Round Robin scheduling especially well suited for time-sharing operating systems used by many interactive users at once?,Operating Systems,Round Robin
